--
-- PostgreSQL database dump
--

-- Dumped from database version 14.5 (Ubuntu 14.5-0ubuntu0.22.04.1)
-- Dumped by pg_dump version 14.5 (Ubuntu 14.5-0ubuntu0.22.04.1)

SET statement_timeout = 0;
SET lock_timeout = 0;
SET idle_in_transaction_session_timeout = 0;
SET client_encoding = 'UTF8';
SET standard_conforming_strings = on;
SELECT pg_catalog.set_config('search_path', '', false);
SET check_function_bodies = false;
SET xmloption = content;
SET client_min_messages = warning;
SET row_security = off;

SET default_tablespace = '';

SET default_table_access_method = heap;

--
-- Name: account_emailaddress; Type: TABLE; Schema: public; Owner: postgres
--

CREATE TABLE public.account_emailaddress (
    id integer NOT NULL,
    email character varying(254) NOT NULL,
    verified boolean NOT NULL,
    "primary" boolean NOT NULL,
    user_id integer NOT NULL
);


ALTER TABLE public.account_emailaddress OWNER TO postgres;

--
-- Name: account_emailaddress_id_seq; Type: SEQUENCE; Schema: public; Owner: postgres
--

ALTER TABLE public.account_emailaddress ALTER COLUMN id ADD GENERATED BY DEFAULT AS IDENTITY (
    SEQUENCE NAME public.account_emailaddress_id_seq
    START WITH 1
    INCREMENT BY 1
    NO MINVALUE
    NO MAXVALUE
    CACHE 1
);


--
-- Name: account_emailconfirmation; Type: TABLE; Schema: public; Owner: postgres
--

CREATE TABLE public.account_emailconfirmation (
    id integer NOT NULL,
    created timestamp with time zone NOT NULL,
    sent timestamp with time zone,
    key character varying(64) NOT NULL,
    email_address_id integer NOT NULL
);


ALTER TABLE public.account_emailconfirmation OWNER TO postgres;

--
-- Name: account_emailconfirmation_id_seq; Type: SEQUENCE; Schema: public; Owner: postgres
--

ALTER TABLE public.account_emailconfirmation ALTER COLUMN id ADD GENERATED BY DEFAULT AS IDENTITY (
    SEQUENCE NAME public.account_emailconfirmation_id_seq
    START WITH 1
    INCREMENT BY 1
    NO MINVALUE
    NO MAXVALUE
    CACHE 1
);


--
-- Name: auth_group; Type: TABLE; Schema: public; Owner: postgres
--

CREATE TABLE public.auth_group (
    id integer NOT NULL,
    name character varying(150) NOT NULL
);


ALTER TABLE public.auth_group OWNER TO postgres;

--
-- Name: auth_group_id_seq; Type: SEQUENCE; Schema: public; Owner: postgres
--

ALTER TABLE public.auth_group ALTER COLUMN id ADD GENERATED BY DEFAULT AS IDENTITY (
    SEQUENCE NAME public.auth_group_id_seq
    START WITH 1
    INCREMENT BY 1
    NO MINVALUE
    NO MAXVALUE
    CACHE 1
);


--
-- Name: auth_group_permissions; Type: TABLE; Schema: public; Owner: postgres
--

CREATE TABLE public.auth_group_permissions (
    id bigint NOT NULL,
    group_id integer NOT NULL,
    permission_id integer NOT NULL
);


ALTER TABLE public.auth_group_permissions OWNER TO postgres;

--
-- Name: auth_group_permissions_id_seq; Type: SEQUENCE; Schema: public; Owner: postgres
--

ALTER TABLE public.auth_group_permissions ALTER COLUMN id ADD GENERATED BY DEFAULT AS IDENTITY (
    SEQUENCE NAME public.auth_group_permissions_id_seq
    START WITH 1
    INCREMENT BY 1
    NO MINVALUE
    NO MAXVALUE
    CACHE 1
);


--
-- Name: auth_permission; Type: TABLE; Schema: public; Owner: postgres
--

CREATE TABLE public.auth_permission (
    id integer NOT NULL,
    name character varying(255) NOT NULL,
    content_type_id integer NOT NULL,
    codename character varying(100) NOT NULL
);


ALTER TABLE public.auth_permission OWNER TO postgres;

--
-- Name: auth_permission_id_seq; Type: SEQUENCE; Schema: public; Owner: postgres
--

ALTER TABLE public.auth_permission ALTER COLUMN id ADD GENERATED BY DEFAULT AS IDENTITY (
    SEQUENCE NAME public.auth_permission_id_seq
    START WITH 1
    INCREMENT BY 1
    NO MINVALUE
    NO MAXVALUE
    CACHE 1
);


--
-- Name: auth_user; Type: TABLE; Schema: public; Owner: postgres
--

CREATE TABLE public.auth_user (
    id integer NOT NULL,
    password character varying(128) NOT NULL,
    last_login timestamp with time zone,
    is_superuser boolean NOT NULL,
    username character varying(150) NOT NULL,
    first_name character varying(150) NOT NULL,
    last_name character varying(150) NOT NULL,
    email character varying(254) NOT NULL,
    is_staff boolean NOT NULL,
    is_active boolean NOT NULL,
    date_joined timestamp with time zone NOT NULL
);


ALTER TABLE public.auth_user OWNER TO postgres;

--
-- Name: auth_user_groups; Type: TABLE; Schema: public; Owner: postgres
--

CREATE TABLE public.auth_user_groups (
    id bigint NOT NULL,
    user_id integer NOT NULL,
    group_id integer NOT NULL
);


ALTER TABLE public.auth_user_groups OWNER TO postgres;

--
-- Name: auth_user_groups_id_seq; Type: SEQUENCE; Schema: public; Owner: postgres
--

ALTER TABLE public.auth_user_groups ALTER COLUMN id ADD GENERATED BY DEFAULT AS IDENTITY (
    SEQUENCE NAME public.auth_user_groups_id_seq
    START WITH 1
    INCREMENT BY 1
    NO MINVALUE
    NO MAXVALUE
    CACHE 1
);


--
-- Name: auth_user_id_seq; Type: SEQUENCE; Schema: public; Owner: postgres
--

ALTER TABLE public.auth_user ALTER COLUMN id ADD GENERATED BY DEFAULT AS IDENTITY (
    SEQUENCE NAME public.auth_user_id_seq
    START WITH 1
    INCREMENT BY 1
    NO MINVALUE
    NO MAXVALUE
    CACHE 1
);


--
-- Name: auth_user_user_permissions; Type: TABLE; Schema: public; Owner: postgres
--

CREATE TABLE public.auth_user_user_permissions (
    id bigint NOT NULL,
    user_id integer NOT NULL,
    permission_id integer NOT NULL
);


ALTER TABLE public.auth_user_user_permissions OWNER TO postgres;

--
-- Name: auth_user_user_permissions_id_seq; Type: SEQUENCE; Schema: public; Owner: postgres
--

ALTER TABLE public.auth_user_user_permissions ALTER COLUMN id ADD GENERATED BY DEFAULT AS IDENTITY (
    SEQUENCE NAME public.auth_user_user_permissions_id_seq
    START WITH 1
    INCREMENT BY 1
    NO MINVALUE
    NO MAXVALUE
    CACHE 1
);


--
-- Name: django_admin_log; Type: TABLE; Schema: public; Owner: postgres
--

CREATE TABLE public.django_admin_log (
    id integer NOT NULL,
    action_time timestamp with time zone NOT NULL,
    object_id text,
    object_repr character varying(200) NOT NULL,
    action_flag smallint NOT NULL,
    change_message text NOT NULL,
    content_type_id integer,
    user_id integer NOT NULL,
    CONSTRAINT django_admin_log_action_flag_check CHECK ((action_flag >= 0))
);


ALTER TABLE public.django_admin_log OWNER TO postgres;

--
-- Name: django_admin_log_id_seq; Type: SEQUENCE; Schema: public; Owner: postgres
--

ALTER TABLE public.django_admin_log ALTER COLUMN id ADD GENERATED BY DEFAULT AS IDENTITY (
    SEQUENCE NAME public.django_admin_log_id_seq
    START WITH 1
    INCREMENT BY 1
    NO MINVALUE
    NO MAXVALUE
    CACHE 1
);


--
-- Name: django_content_type; Type: TABLE; Schema: public; Owner: postgres
--

CREATE TABLE public.django_content_type (
    id integer NOT NULL,
    app_label character varying(100) NOT NULL,
    model character varying(100) NOT NULL
);


ALTER TABLE public.django_content_type OWNER TO postgres;

--
-- Name: django_content_type_id_seq; Type: SEQUENCE; Schema: public; Owner: postgres
--

ALTER TABLE public.django_content_type ALTER COLUMN id ADD GENERATED BY DEFAULT AS IDENTITY (
    SEQUENCE NAME public.django_content_type_id_seq
    START WITH 1
    INCREMENT BY 1
    NO MINVALUE
    NO MAXVALUE
    CACHE 1
);


--
-- Name: django_migrations; Type: TABLE; Schema: public; Owner: postgres
--

CREATE TABLE public.django_migrations (
    id bigint NOT NULL,
    app character varying(255) NOT NULL,
    name character varying(255) NOT NULL,
    applied timestamp with time zone NOT NULL
);


ALTER TABLE public.django_migrations OWNER TO postgres;

--
-- Name: django_migrations_id_seq; Type: SEQUENCE; Schema: public; Owner: postgres
--

ALTER TABLE public.django_migrations ALTER COLUMN id ADD GENERATED BY DEFAULT AS IDENTITY (
    SEQUENCE NAME public.django_migrations_id_seq
    START WITH 1
    INCREMENT BY 1
    NO MINVALUE
    NO MAXVALUE
    CACHE 1
);


--
-- Name: django_session; Type: TABLE; Schema: public; Owner: postgres
--

CREATE TABLE public.django_session (
    session_key character varying(40) NOT NULL,
    session_data text NOT NULL,
    expire_date timestamp with time zone NOT NULL
);


ALTER TABLE public.django_session OWNER TO postgres;

--
-- Name: django_site; Type: TABLE; Schema: public; Owner: postgres
--

CREATE TABLE public.django_site (
    id integer NOT NULL,
    domain character varying(100) NOT NULL,
    name character varying(50) NOT NULL
);


ALTER TABLE public.django_site OWNER TO postgres;

--
-- Name: django_site_id_seq; Type: SEQUENCE; Schema: public; Owner: postgres
--

ALTER TABLE public.django_site ALTER COLUMN id ADD GENERATED BY DEFAULT AS IDENTITY (
    SEQUENCE NAME public.django_site_id_seq
    START WITH 1
    INCREMENT BY 1
    NO MINVALUE
    NO MAXVALUE
    CACHE 1
);


--
-- Name: proyectos_historial; Type: TABLE; Schema: public; Owner: postgres
--

CREATE TABLE public.proyectos_historial (
    id bigint NOT NULL,
    fecha timestamp with time zone,
    accion character varying(25),
    elemento character varying(25),
    informacion text,
    responsable_id integer,
    proyecto_id bigint,
    userstory_id bigint
);


ALTER TABLE public.proyectos_historial OWNER TO postgres;

--
-- Name: proyectos_historial_id_seq; Type: SEQUENCE; Schema: public; Owner: postgres
--

ALTER TABLE public.proyectos_historial ALTER COLUMN id ADD GENERATED BY DEFAULT AS IDENTITY (
    SEQUENCE NAME public.proyectos_historial_id_seq
    START WITH 1
    INCREMENT BY 1
    NO MINVALUE
    NO MAXVALUE
    CACHE 1
);


--
-- Name: proyectos_miembro; Type: TABLE; Schema: public; Owner: postgres
--

CREATE TABLE public.proyectos_miembro (
    id bigint NOT NULL,
    proyecto_id bigint NOT NULL,
    usuario_id integer
);


ALTER TABLE public.proyectos_miembro OWNER TO postgres;

--
-- Name: proyectos_miembro_id_seq; Type: SEQUENCE; Schema: public; Owner: postgres
--

ALTER TABLE public.proyectos_miembro ALTER COLUMN id ADD GENERATED BY DEFAULT AS IDENTITY (
    SEQUENCE NAME public.proyectos_miembro_id_seq
    START WITH 1
    INCREMENT BY 1
    NO MINVALUE
    NO MAXVALUE
    CACHE 1
);


--
-- Name: proyectos_miembro_rol; Type: TABLE; Schema: public; Owner: postgres
--

CREATE TABLE public.proyectos_miembro_rol (
    id bigint NOT NULL,
    miembro_id bigint NOT NULL,
    rol_id bigint NOT NULL
);


ALTER TABLE public.proyectos_miembro_rol OWNER TO postgres;

--
-- Name: proyectos_miembro_rol_id_seq; Type: SEQUENCE; Schema: public; Owner: postgres
--

ALTER TABLE public.proyectos_miembro_rol ALTER COLUMN id ADD GENERATED BY DEFAULT AS IDENTITY (
    SEQUENCE NAME public.proyectos_miembro_rol_id_seq
    START WITH 1
    INCREMENT BY 1
    NO MINVALUE
    NO MAXVALUE
    CACHE 1
);


--
-- Name: proyectos_miembro_userstory; Type: TABLE; Schema: public; Owner: postgres
--

CREATE TABLE public.proyectos_miembro_userstory (
    id bigint NOT NULL,
    miembro_id bigint NOT NULL,
    userstory_id bigint NOT NULL
);


ALTER TABLE public.proyectos_miembro_userstory OWNER TO postgres;

--
-- Name: proyectos_miembro_userstory_id_seq; Type: SEQUENCE; Schema: public; Owner: postgres
--

ALTER TABLE public.proyectos_miembro_userstory ALTER COLUMN id ADD GENERATED BY DEFAULT AS IDENTITY (
    SEQUENCE NAME public.proyectos_miembro_userstory_id_seq
    START WITH 1
    INCREMENT BY 1
    NO MINVALUE
    NO MAXVALUE
    CACHE 1
);


--
-- Name: proyectos_notificacion; Type: TABLE; Schema: public; Owner: postgres
--

CREATE TABLE public.proyectos_notificacion (
    id bigint NOT NULL,
    fecha timestamp with time zone,
    informacion text,
    destinatario_id integer,
    visto boolean NOT NULL
);


ALTER TABLE public.proyectos_notificacion OWNER TO postgres;

--
-- Name: proyectos_notificacion_id_seq; Type: SEQUENCE; Schema: public; Owner: postgres
--

ALTER TABLE public.proyectos_notificacion ALTER COLUMN id ADD GENERATED BY DEFAULT AS IDENTITY (
    SEQUENCE NAME public.proyectos_notificacion_id_seq
    START WITH 1
    INCREMENT BY 1
    NO MINVALUE
    NO MAXVALUE
    CACHE 1
);


--
-- Name: proyectos_proyecto; Type: TABLE; Schema: public; Owner: postgres
--

CREATE TABLE public.proyectos_proyecto (
    id bigint NOT NULL,
    nombre character varying(50) NOT NULL,
    fecha_inicio date,
    fecha_fin date,
    descripcion text NOT NULL,
    estado character varying(25) NOT NULL,
    story_points integer NOT NULL
);


ALTER TABLE public.proyectos_proyecto OWNER TO postgres;

--
-- Name: proyectos_proyecto_id_seq; Type: SEQUENCE; Schema: public; Owner: postgres
--

ALTER TABLE public.proyectos_proyecto ALTER COLUMN id ADD GENERATED BY DEFAULT AS IDENTITY (
    SEQUENCE NAME public.proyectos_proyecto_id_seq
    START WITH 1
    INCREMENT BY 1
    NO MINVALUE
    NO MAXVALUE
    CACHE 1
);


--
-- Name: roles_permiso; Type: TABLE; Schema: public; Owner: postgres
--

CREATE TABLE public.roles_permiso (
    id bigint NOT NULL,
    nombre character varying(70) NOT NULL,
    es_admin boolean NOT NULL
);


ALTER TABLE public.roles_permiso OWNER TO postgres;

--
-- Name: roles_permission_id_seq; Type: SEQUENCE; Schema: public; Owner: postgres
--

ALTER TABLE public.roles_permiso ALTER COLUMN id ADD GENERATED BY DEFAULT AS IDENTITY (
    SEQUENCE NAME public.roles_permission_id_seq
    START WITH 1
    INCREMENT BY 1
    NO MINVALUE
    NO MAXVALUE
    CACHE 1
);


--
-- Name: roles_rol; Type: TABLE; Schema: public; Owner: postgres
--

CREATE TABLE public.roles_rol (
    id bigint NOT NULL,
    nombre character varying(50) NOT NULL,
    descripcion text,
    proyecto_id bigint
);


ALTER TABLE public.roles_rol OWNER TO postgres;

--
-- Name: roles_rol_id_seq; Type: SEQUENCE; Schema: public; Owner: postgres
--

ALTER TABLE public.roles_rol ALTER COLUMN id ADD GENERATED BY DEFAULT AS IDENTITY (
    SEQUENCE NAME public.roles_rol_id_seq
    START WITH 1
    INCREMENT BY 1
    NO MINVALUE
    NO MAXVALUE
    CACHE 1
);


--
-- Name: roles_rol_permiso; Type: TABLE; Schema: public; Owner: postgres
--

CREATE TABLE public.roles_rol_permiso (
    id bigint NOT NULL,
    rol_id bigint NOT NULL,
    permiso_id bigint NOT NULL
);


ALTER TABLE public.roles_rol_permiso OWNER TO postgres;

--
-- Name: roles_rol_permission_id_seq; Type: SEQUENCE; Schema: public; Owner: postgres
--

ALTER TABLE public.roles_rol_permiso ALTER COLUMN id ADD GENERATED BY DEFAULT AS IDENTITY (
    SEQUENCE NAME public.roles_rol_permission_id_seq
    START WITH 1
    INCREMENT BY 1
    NO MINVALUE
    NO MAXVALUE
    CACHE 1
);


--
-- Name: socialaccount_socialaccount; Type: TABLE; Schema: public; Owner: postgres
--

CREATE TABLE public.socialaccount_socialaccount (
    id integer NOT NULL,
    provider character varying(30) NOT NULL,
    uid character varying(191) NOT NULL,
    last_login timestamp with time zone NOT NULL,
    date_joined timestamp with time zone NOT NULL,
    extra_data text NOT NULL,
    user_id integer NOT NULL
);


ALTER TABLE public.socialaccount_socialaccount OWNER TO postgres;

--
-- Name: socialaccount_socialaccount_id_seq; Type: SEQUENCE; Schema: public; Owner: postgres
--

ALTER TABLE public.socialaccount_socialaccount ALTER COLUMN id ADD GENERATED BY DEFAULT AS IDENTITY (
    SEQUENCE NAME public.socialaccount_socialaccount_id_seq
    START WITH 1
    INCREMENT BY 1
    NO MINVALUE
    NO MAXVALUE
    CACHE 1
);


--
-- Name: socialaccount_socialapp; Type: TABLE; Schema: public; Owner: postgres
--

CREATE TABLE public.socialaccount_socialapp (
    id integer NOT NULL,
    provider character varying(30) NOT NULL,
    name character varying(40) NOT NULL,
    client_id character varying(191) NOT NULL,
    secret character varying(191) NOT NULL,
    key character varying(191) NOT NULL
);


ALTER TABLE public.socialaccount_socialapp OWNER TO postgres;

--
-- Name: socialaccount_socialapp_id_seq; Type: SEQUENCE; Schema: public; Owner: postgres
--

ALTER TABLE public.socialaccount_socialapp ALTER COLUMN id ADD GENERATED BY DEFAULT AS IDENTITY (
    SEQUENCE NAME public.socialaccount_socialapp_id_seq
    START WITH 1
    INCREMENT BY 1
    NO MINVALUE
    NO MAXVALUE
    CACHE 1
);


--
-- Name: socialaccount_socialapp_sites; Type: TABLE; Schema: public; Owner: postgres
--

CREATE TABLE public.socialaccount_socialapp_sites (
    id bigint NOT NULL,
    socialapp_id integer NOT NULL,
    site_id integer NOT NULL
);


ALTER TABLE public.socialaccount_socialapp_sites OWNER TO postgres;

--
-- Name: socialaccount_socialapp_sites_id_seq; Type: SEQUENCE; Schema: public; Owner: postgres
--

ALTER TABLE public.socialaccount_socialapp_sites ALTER COLUMN id ADD GENERATED BY DEFAULT AS IDENTITY (
    SEQUENCE NAME public.socialaccount_socialapp_sites_id_seq
    START WITH 1
    INCREMENT BY 1
    NO MINVALUE
    NO MAXVALUE
    CACHE 1
);


--
-- Name: socialaccount_socialtoken; Type: TABLE; Schema: public; Owner: postgres
--

CREATE TABLE public.socialaccount_socialtoken (
    id integer NOT NULL,
    token text NOT NULL,
    token_secret text NOT NULL,
    expires_at timestamp with time zone,
    account_id integer NOT NULL,
    app_id integer NOT NULL
);


ALTER TABLE public.socialaccount_socialtoken OWNER TO postgres;

--
-- Name: socialaccount_socialtoken_id_seq; Type: SEQUENCE; Schema: public; Owner: postgres
--

ALTER TABLE public.socialaccount_socialtoken ALTER COLUMN id ADD GENERATED BY DEFAULT AS IDENTITY (
    SEQUENCE NAME public.socialaccount_socialtoken_id_seq
    START WITH 1
    INCREMENT BY 1
    NO MINVALUE
    NO MAXVALUE
    CACHE 1
);


--
-- Name: sprints_desarrollador; Type: TABLE; Schema: public; Owner: postgres
--

CREATE TABLE public.sprints_desarrollador (
    id bigint NOT NULL,
    capacidad_por_dia integer NOT NULL,
    miembro_id bigint,
    sprint_id bigint NOT NULL,
    capacidad_total integer NOT NULL
);


ALTER TABLE public.sprints_desarrollador OWNER TO postgres;

--
-- Name: sprints_desarrollador_id_seq; Type: SEQUENCE; Schema: public; Owner: postgres
--

ALTER TABLE public.sprints_desarrollador ALTER COLUMN id ADD GENERATED BY DEFAULT AS IDENTITY (
    SEQUENCE NAME public.sprints_desarrollador_id_seq
    START WITH 1
    INCREMENT BY 1
    NO MINVALUE
    NO MAXVALUE
    CACHE 1
);


--
-- Name: sprints_desarrollador_userstory; Type: TABLE; Schema: public; Owner: postgres
--

CREATE TABLE public.sprints_desarrollador_userstory (
    id bigint NOT NULL,
    desarrollador_id bigint NOT NULL,
    userstory_id bigint NOT NULL
);


ALTER TABLE public.sprints_desarrollador_userstory OWNER TO postgres;

--
-- Name: sprints_desarrollador_userstory_id_seq; Type: SEQUENCE; Schema: public; Owner: postgres
--

ALTER TABLE public.sprints_desarrollador_userstory ALTER COLUMN id ADD GENERATED BY DEFAULT AS IDENTITY (
    SEQUENCE NAME public.sprints_desarrollador_userstory_id_seq
    START WITH 1
    INCREMENT BY 1
    NO MINVALUE
    NO MAXVALUE
    CACHE 1
);


--
-- Name: sprints_sprint; Type: TABLE; Schema: public; Owner: postgres
--

CREATE TABLE public.sprints_sprint (
    id bigint NOT NULL,
    nombre character varying(50) NOT NULL,
    descripcion text,
    duracion integer,
    capacidad integer,
    estado character varying(25) NOT NULL,
    proyecto_id bigint,
    fecha_fin date,
    fecha_inicio date,
    story_points integer NOT NULL,
    horas_aprobadas integer NOT NULL,
    story_points_iniciales integer NOT NULL,
    CONSTRAINT sprints_sprint_capacidad_check CHECK ((capacidad >= 0)),
    CONSTRAINT sprints_sprint_duracion_check CHECK ((duracion >= 0))
);


ALTER TABLE public.sprints_sprint OWNER TO postgres;

--
-- Name: sprints_sprint_id_seq; Type: SEQUENCE; Schema: public; Owner: postgres
--

ALTER TABLE public.sprints_sprint ALTER COLUMN id ADD GENERATED BY DEFAULT AS IDENTITY (
    SEQUENCE NAME public.sprints_sprint_id_seq
    START WITH 1
    INCREMENT BY 1
    NO MINVALUE
    NO MAXVALUE
    CACHE 1
);


--
-- Name: tableros_tablero; Type: TABLE; Schema: public; Owner: postgres
--

CREATE TABLE public.tableros_tablero (
    id bigint NOT NULL,
    campos text NOT NULL,
    tipo_us_id bigint
);


ALTER TABLE public.tableros_tablero OWNER TO postgres;

--
-- Name: tableros_tablero_id_seq; Type: SEQUENCE; Schema: public; Owner: postgres
--

ALTER TABLE public.tableros_tablero ALTER COLUMN id ADD GENERATED BY DEFAULT AS IDENTITY (
    SEQUENCE NAME public.tableros_tablero_id_seq
    START WITH 1
    INCREMENT BY 1
    NO MINVALUE
    NO MAXVALUE
    CACHE 1
);


--
-- Name: tipo_us_miembrotipous; Type: TABLE; Schema: public; Owner: postgres
--

CREATE TABLE public.tipo_us_miembrotipous (
    id bigint NOT NULL,
    proyecto_id bigint NOT NULL,
    tipo_us_id bigint
);


ALTER TABLE public.tipo_us_miembrotipous OWNER TO postgres;

--
-- Name: tipo_us_miembrotipous_id_seq; Type: SEQUENCE; Schema: public; Owner: postgres
--

ALTER TABLE public.tipo_us_miembrotipous ALTER COLUMN id ADD GENERATED BY DEFAULT AS IDENTITY (
    SEQUENCE NAME public.tipo_us_miembrotipous_id_seq
    START WITH 1
    INCREMENT BY 1
    NO MINVALUE
    NO MAXVALUE
    CACHE 1
);


--
-- Name: tipo_us_tipo_us; Type: TABLE; Schema: public; Owner: postgres
--

CREATE TABLE public.tipo_us_tipo_us (
    id bigint NOT NULL,
    nombre character varying(50) NOT NULL,
    fecha_creacion date,
    descripcion character varying(50) NOT NULL,
    campos text
);


ALTER TABLE public.tipo_us_tipo_us OWNER TO postgres;

--
-- Name: tipo_us_tipo_us_id_seq; Type: SEQUENCE; Schema: public; Owner: postgres
--

ALTER TABLE public.tipo_us_tipo_us ALTER COLUMN id ADD GENERATED BY DEFAULT AS IDENTITY (
    SEQUENCE NAME public.tipo_us_tipo_us_id_seq
    START WITH 1
    INCREMENT BY 1
    NO MINVALUE
    NO MAXVALUE
    CACHE 1
);


--
-- Name: userstory_nota; Type: TABLE; Schema: public; Owner: postgres
--

CREATE TABLE public.userstory_nota (
    id bigint NOT NULL,
    fecha timestamp with time zone,
    mensaje text,
    creador_id bigint,
    userstory_id bigint NOT NULL
);


ALTER TABLE public.userstory_nota OWNER TO postgres;

--
-- Name: userstory_nota_id_seq; Type: SEQUENCE; Schema: public; Owner: postgres
--

ALTER TABLE public.userstory_nota ALTER COLUMN id ADD GENERATED BY DEFAULT AS IDENTITY (
    SEQUENCE NAME public.userstory_nota_id_seq
    START WITH 1
    INCREMENT BY 1
    NO MINVALUE
    NO MAXVALUE
    CACHE 1
);


--
-- Name: userstory_tarea; Type: TABLE; Schema: public; Owner: postgres
--

CREATE TABLE public.userstory_tarea (
    id bigint NOT NULL,
    horas_trabajadas integer,
    mensaje text,
    creador_id bigint,
    userstory_id bigint NOT NULL,
    fecha timestamp with time zone,
    CONSTRAINT userstory_tarea_horas_trabajadas_check CHECK ((horas_trabajadas >= 0))
);


ALTER TABLE public.userstory_tarea OWNER TO postgres;

--
-- Name: userstory_tarea_id_seq; Type: SEQUENCE; Schema: public; Owner: postgres
--

ALTER TABLE public.userstory_tarea ALTER COLUMN id ADD GENERATED BY DEFAULT AS IDENTITY (
    SEQUENCE NAME public.userstory_tarea_id_seq
    START WITH 1
    INCREMENT BY 1
    NO MINVALUE
    NO MAXVALUE
    CACHE 1
);


--
-- Name: userstory_tareaaux; Type: TABLE; Schema: public; Owner: postgres
--

CREATE TABLE public.userstory_tareaaux (
    id bigint NOT NULL,
    fecha timestamp with time zone,
    horas_trabajadas integer NOT NULL,
    horas_estimadas_diferencia integer NOT NULL,
    sprint_id bigint,
    CONSTRAINT userstory_tareaaux_horas_estimadas_diferencia_check CHECK ((horas_estimadas_diferencia >= 0)),
    CONSTRAINT userstory_tareaaux_horas_trabajadas_check CHECK ((horas_trabajadas >= 0))
);


ALTER TABLE public.userstory_tareaaux OWNER TO postgres;

--
-- Name: userstory_tareaaux_id_seq; Type: SEQUENCE; Schema: public; Owner: postgres
--

ALTER TABLE public.userstory_tareaaux ALTER COLUMN id ADD GENERATED BY DEFAULT AS IDENTITY (
    SEQUENCE NAME public.userstory_tareaaux_id_seq
    START WITH 1
    INCREMENT BY 1
    NO MINVALUE
    NO MAXVALUE
    CACHE 1
);


--
-- Name: userstory_userstory; Type: TABLE; Schema: public; Owner: postgres
--

CREATE TABLE public.userstory_userstory (
    id bigint NOT NULL,
    nombre character varying(50) NOT NULL,
    descripcion text,
    horas_estimadas integer,
    user_point integer,
    business_value integer,
    autor text,
    aprobado boolean NOT NULL,
    fecha_creacion date,
    proyecto_id bigint,
    tipo_us_id bigint NOT NULL,
    sprint_previo integer,
    prioridad numeric(5,2),
    sprint_id bigint,
    estado text NOT NULL,
    asignado boolean NOT NULL,
    fecha_modificacion date,
    horas_estimadas_original integer,
    CONSTRAINT userstory_userstory_business_value_check CHECK ((business_value >= 0)),
    CONSTRAINT userstory_userstory_horas_estimadas_check CHECK ((horas_estimadas >= 0)),
    CONSTRAINT userstory_userstory_horas_estimadas_original_check CHECK ((horas_estimadas_original >= 0)),
    CONSTRAINT userstory_userstory_user_point_check CHECK ((user_point >= 0))
);


ALTER TABLE public.userstory_userstory OWNER TO postgres;

--
-- Name: userstory_userstory_id_seq; Type: SEQUENCE; Schema: public; Owner: postgres
--

ALTER TABLE public.userstory_userstory ALTER COLUMN id ADD GENERATED BY DEFAULT AS IDENTITY (
    SEQUENCE NAME public.userstory_userstory_id_seq
    START WITH 1
    INCREMENT BY 1
    NO MINVALUE
    NO MAXVALUE
    CACHE 1
);


--
-- Name: usuarios_usuario; Type: TABLE; Schema: public; Owner: postgres
--

CREATE TABLE public.usuarios_usuario (
    ci integer,
    telefono character varying(50),
    fecha_nac date,
    user_id integer NOT NULL
);


ALTER TABLE public.usuarios_usuario OWNER TO postgres;

--
-- Name: usuarios_usuario_rol; Type: TABLE; Schema: public; Owner: postgres
--

CREATE TABLE public.usuarios_usuario_rol (
    id bigint NOT NULL,
    usuario_id bigint NOT NULL,
    rol_id bigint NOT NULL
);


ALTER TABLE public.usuarios_usuario_rol OWNER TO postgres;

--
-- Name: usuarios_usuario_rol_id_seq; Type: SEQUENCE; Schema: public; Owner: postgres
--

ALTER TABLE public.usuarios_usuario_rol ALTER COLUMN id ADD GENERATED BY DEFAULT AS IDENTITY (
    SEQUENCE NAME public.usuarios_usuario_rol_id_seq
    START WITH 1
    INCREMENT BY 1
    NO MINVALUE
    NO MAXVALUE
    CACHE 1
);


--
-- Data for Name: account_emailaddress; Type: TABLE DATA; Schema: public; Owner: postgres
--

COPY public.account_emailaddress (id, email, verified, "primary", user_id) FROM stdin;
1	test@gmail.com	f	t	4
3	jose@gmail.com	f	t	14
4	mdp@gmail.com	f	t	15
5	marcelo@gmail.com	f	t	16
\.


--
-- Data for Name: account_emailconfirmation; Type: TABLE DATA; Schema: public; Owner: postgres
--

COPY public.account_emailconfirmation (id, created, sent, key, email_address_id) FROM stdin;
\.


--
-- Data for Name: auth_group; Type: TABLE DATA; Schema: public; Owner: postgres
--

COPY public.auth_group (id, name) FROM stdin;
\.


--
-- Data for Name: auth_group_permissions; Type: TABLE DATA; Schema: public; Owner: postgres
--

COPY public.auth_group_permissions (id, group_id, permission_id) FROM stdin;
\.


--
-- Data for Name: auth_permission; Type: TABLE DATA; Schema: public; Owner: postgres
--

COPY public.auth_permission (id, name, content_type_id, codename) FROM stdin;
1	Can add log entry	1	add_logentry
2	Can change log entry	1	change_logentry
3	Can delete log entry	1	delete_logentry
4	Can view log entry	1	view_logentry
5	Can add permission	2	add_permission
6	Can change permission	2	change_permission
7	Can delete permission	2	delete_permission
8	Can view permission	2	view_permission
9	Can add group	3	add_group
10	Can change group	3	change_group
11	Can delete group	3	delete_group
12	Can view group	3	view_group
13	Can add user	4	add_user
14	Can change user	4	change_user
15	Can delete user	4	delete_user
16	Can view user	4	view_user
17	Can add content type	5	add_contenttype
18	Can change content type	5	change_contenttype
19	Can delete content type	5	delete_contenttype
20	Can view content type	5	view_contenttype
21	Can add session	6	add_session
22	Can change session	6	change_session
23	Can delete session	6	delete_session
24	Can view session	6	view_session
25	Can add permiso	7	add_permiso
26	Can change permiso	7	change_permiso
27	Can delete permiso	7	delete_permiso
28	Can view permiso	7	view_permiso
29	Can add rol	8	add_rol
30	Can change rol	8	change_rol
31	Can delete rol	8	delete_rol
32	Can view rol	8	view_rol
33	Can add site	9	add_site
34	Can change site	9	change_site
35	Can delete site	9	delete_site
36	Can view site	9	view_site
37	Can add email address	10	add_emailaddress
38	Can change email address	10	change_emailaddress
39	Can delete email address	10	delete_emailaddress
40	Can view email address	10	view_emailaddress
41	Can add email confirmation	11	add_emailconfirmation
42	Can change email confirmation	11	change_emailconfirmation
43	Can delete email confirmation	11	delete_emailconfirmation
44	Can view email confirmation	11	view_emailconfirmation
45	Can add social account	12	add_socialaccount
46	Can change social account	12	change_socialaccount
47	Can delete social account	12	delete_socialaccount
48	Can view social account	12	view_socialaccount
49	Can add social application	13	add_socialapp
50	Can change social application	13	change_socialapp
51	Can delete social application	13	delete_socialapp
52	Can view social application	13	view_socialapp
53	Can add social application token	14	add_socialtoken
54	Can change social application token	14	change_socialtoken
55	Can delete social application token	14	delete_socialtoken
56	Can view social application token	14	view_socialtoken
57	Can add usuario	15	add_usuario
58	Can change usuario	15	change_usuario
59	Can delete usuario	15	delete_usuario
60	Can view usuario	15	view_usuario
61	Can add proyecto	16	add_proyecto
62	Can change proyecto	16	change_proyecto
63	Can delete proyecto	16	delete_proyecto
64	Can view proyecto	16	view_proyecto
65	Can add miembro	17	add_miembro
66	Can change miembro	17	change_miembro
67	Can delete miembro	17	delete_miembro
68	Can view miembro	17	view_miembro
69	Can add tipo_us	18	add_tipo_us
70	Can change tipo_us	18	change_tipo_us
71	Can delete tipo_us	18	delete_tipo_us
72	Can view tipo_us	18	view_tipo_us
73	Can add user story	19	add_userstory
74	Can change user story	19	change_userstory
75	Can delete user story	19	delete_userstory
76	Can view user story	19	view_userstory
77	Can add miembro tipo us	20	add_miembrotipous
78	Can change miembro tipo us	20	change_miembrotipous
79	Can delete miembro tipo us	20	delete_miembrotipous
80	Can view miembro tipo us	20	view_miembrotipous
81	Can add sprint	21	add_sprint
82	Can change sprint	21	change_sprint
83	Can delete sprint	21	delete_sprint
84	Can view sprint	21	view_sprint
114	Can add tablero	54	add_tablero
115	Can change tablero	54	change_tablero
116	Can delete tablero	54	delete_tablero
117	Can view tablero	54	view_tablero
118	Can add desarrollador	55	add_desarrollador
119	Can change desarrollador	55	change_desarrollador
120	Can delete desarrollador	55	delete_desarrollador
121	Can view desarrollador	55	view_desarrollador
122	Can add tarea	56	add_tarea
123	Can change tarea	56	change_tarea
124	Can delete tarea	56	delete_tarea
125	Can view tarea	56	view_tarea
126	Can add nota	57	add_nota
127	Can change nota	57	change_nota
128	Can delete nota	57	delete_nota
129	Can view nota	57	view_nota
130	Can add historial	58	add_historial
131	Can change historial	58	change_historial
132	Can delete historial	58	delete_historial
133	Can view historial	58	view_historial
134	Can add tarea aux	59	add_tareaaux
135	Can change tarea aux	59	change_tareaaux
136	Can delete tarea aux	59	delete_tareaaux
137	Can view tarea aux	59	view_tareaaux
167	Can add notificacion	92	add_notificacion
168	Can change notificacion	92	change_notificacion
169	Can delete notificacion	92	delete_notificacion
170	Can view notificacion	92	view_notificacion
\.


--
-- Data for Name: auth_user; Type: TABLE DATA; Schema: public; Owner: postgres
--

COPY public.auth_user (id, password, last_login, is_superuser, username, first_name, last_name, email, is_staff, is_active, date_joined) FROM stdin;
4	pbkdf2_sha256$390000$AhErgBFyf3bMOWmF1umNm2$2sexbLP/X115CropUBBiKMP50EAN+ugPhvwmXkSquOw=	2022-09-09 13:49:02.612741-04	f	test_usuario			test@gmail.com	f	t	2022-09-09 08:45:49.916672-04
10	pbkdf2_sha256$390000$9XcWOepQerZQrn6XGJ81wA$TsS5j32h2FnKBshctWgV0QCNV2S6KXk4bFCDbi3b4Qw=	2022-11-03 21:57:22.104126-03	f	usuario_prueba				f	t	2022-09-29 14:47:09.62666-04
2	pbkdf2_sha256$390000$gtkZRGncbZGAlK4eifAByt$sQmleNMyQH9R2+gENuB7wL+TP7NOjS1veRJ91VzpHNM=	2022-11-03 19:01:32.107088-03	f	carlitos	Carlos	Gimenez	tadeo@gmail.com	f	t	2022-09-08 22:23:55-04
3	!qV2xBuugrzOLn0pQBL62rVJQOVHA16PzPUdNMJqQ	2022-12-14 16:29:22.928214-03	f	angel_sebastian	Angel Sebastian	Ferreira Caballero		f	t	2022-09-08 22:38:55-04
14	pbkdf2_sha256$390000$wWJGxqsm9uCt687wk6BVzy$c7j91LmcH09b3Eb2RNvpSjKie7cD/Q/SxEzoiXEokeg=	2022-12-15 18:32:11.276192-03	f	jose			jose@gmail.com	f	t	2022-11-03 20:43:33.241164-03
16	pbkdf2_sha256$390000$VuWQ42LTFIeG5AJ0R544us$Wj4TbOhorRfOz3sYRIIRe/4TjXJeD+LkhX5x4/6W11Y=	2022-12-15 18:34:31.756718-03	f	marcelo			marcelo@gmail.com	f	t	2022-11-03 20:44:33.574769-03
15	pbkdf2_sha256$390000$uBbeGOpeHAmJDQW0TJcLoE$wKPaDCYiyt/Nw8oh1eUCUet2CfSSdtXmJt8XF5UsZ7k=	2022-12-15 18:36:57.644898-03	f	miguel			mdp@gmail.com	f	t	2022-11-03 20:44:06.545788-03
1	pbkdf2_sha256$390000$COg2vJC0wP9jV1T07MP5wl$YvIgdwDmBiI2DpX1DRfXzA6lpNod9aE/DKWSnPTSDzw=	2023-04-26 11:02:27.176246-04	t	admin			admin@gmail.com	t	t	2022-09-08 22:14:47-04
\.


--
-- Data for Name: auth_user_groups; Type: TABLE DATA; Schema: public; Owner: postgres
--

COPY public.auth_user_groups (id, user_id, group_id) FROM stdin;
\.


--
-- Data for Name: auth_user_user_permissions; Type: TABLE DATA; Schema: public; Owner: postgres
--

COPY public.auth_user_user_permissions (id, user_id, permission_id) FROM stdin;
\.


--
-- Data for Name: django_admin_log; Type: TABLE DATA; Schema: public; Owner: postgres
--

COPY public.django_admin_log (id, action_time, object_id, object_repr, action_flag, change_message, content_type_id, user_id) FROM stdin;
1	2022-09-08 22:15:20.550627-04	1	Crear Rol	1	[{"added": {}}]	7	1
2	2022-09-08 22:15:31.708863-04	2	Crear Permiso	1	[{"added": {}}]	7	1
3	2022-09-08 22:15:36.702697-04	3	Modificar Rol	1	[{"added": {}}]	7	1
4	2022-09-08 22:15:41.301932-04	4	Eliminar Rol	1	[{"added": {}}]	7	1
5	2022-09-08 22:15:49.163102-04	5	Visualizar Usuarios	1	[{"added": {}}]	7	1
6	2022-09-08 22:15:52.534145-04	6	Visualizar Permisos	1	[{"added": {}}]	7	1
7	2022-09-08 22:15:56.611491-04	7	Visualizar Roles	1	[{"added": {}}]	7	1
8	2022-09-08 22:16:14.991973-04	8	Default	1	[{"added": {}}]	7	1
9	2022-09-08 22:16:35.25025-04	1	Administrador	1	[{"added": {}}]	8	1
10	2022-09-08 22:16:52.31064-04	1	admin	2	[{"changed": {"name": "usuario", "object": "admin", "fields": ["Rol"]}}]	4	1
11	2022-09-08 22:17:18.373353-04	1	Proyecto 1	1	[{"added": {}}, {"added": {"name": "miembro", "object": "Miembro object (1)"}}]	16	1
12	2022-09-08 22:19:27.259223-04	2	Scrum Master	1	[{"added": {}}]	8	1
13	2022-09-08 22:19:37.759011-04	1	admin	2	[{"changed": {"name": "usuario", "object": "admin", "fields": ["Rol"]}}]	4	1
14	2022-09-08 22:19:48.131736-04	1	Proyecto 1	2	[{"changed": {"name": "miembro", "object": "Miembro object (1)", "fields": ["Rol"]}}]	16	1
15	2022-09-08 22:20:55.003328-04	2	Scrum Master	2	[{"changed": {"fields": ["Permiso"]}}]	8	1
16	2022-09-08 22:21:26.366861-04	1	admin	2	[{"changed": {"name": "usuario", "object": "admin", "fields": ["Rol"]}}]	4	1
17	2022-09-08 22:28:29.303921-04	3	Developers	1	[{"added": {}}]	8	1
18	2022-09-08 22:28:38.528691-04	2	carlitos	2	[{"changed": {"name": "usuario", "object": "carlitos", "fields": ["Rol"]}}]	4	1
19	2022-09-08 22:30:02.435384-04	1	Proyecto 1	2	[{"added": {"name": "miembro", "object": "Miembro object (2)"}}]	16	1
20	2022-09-08 22:37:27.74488-04	1	localhost	2	[{"changed": {"fields": ["Domain name", "Display name"]}}]	9	1
21	2022-09-08 22:38:17.062916-04	1	Autenticacion Grupo 6	1	[{"added": {}}]	13	1
22	2022-09-08 22:38:22.344813-04	1	Autenticacion Grupo 6	2	[{"changed": {"fields": ["Sites"]}}]	13	1
23	2022-09-08 22:38:27.610091-04	1	Autenticacion Grupo 6	2	[]	13	1
24	2022-09-08 22:38:31.020153-04	1	Autenticacion Grupo 6	2	[]	13	1
25	2022-09-08 22:40:53.0482-04	3	angel_sebastian	2	[{"changed": {"name": "usuario", "object": "angel_sebastian", "fields": ["Rol"]}}]	4	1
26	2022-09-08 22:58:50.647009-04	1	Proyecto 1	2	[{"changed": {"fields": ["Estado"]}}]	16	1
27	2022-09-08 22:59:00.619588-04	1	Proyecto 1	2	[{"changed": {"fields": ["Estado"]}}]	16	1
28	2022-09-08 23:21:51.843696-04	1	Proyecto 1	2	[{"changed": {"fields": ["Estado"]}}]	16	1
29	2022-09-08 23:26:54.718143-04	1	Proyecto 1	2	[{"changed": {"fields": ["Estado"]}}]	16	1
30	2022-09-08 23:40:27.521185-04	1	Proyecto 1	2	[{"changed": {"fields": ["Fecha inicio", "Fecha fin", "Estado"]}}]	16	1
31	2022-09-08 23:46:01.803118-04	1	Proyecto 1	2	[{"changed": {"fields": ["Fecha inicio", "Fecha fin", "Estado"]}}]	16	1
32	2022-09-08 23:49:50.445671-04	1	Proyecto 1	2	[{"changed": {"fields": ["Fecha inicio", "Fecha fin", "Estado"]}}]	16	1
33	2022-09-08 23:49:55.548207-04	1	Proyecto 1	2	[]	16	1
34	2022-09-09 00:56:40.776052-04	1	Administrador	2	[{"changed": {"fields": ["Permiso"]}}]	8	1
35	2022-09-09 00:59:24.291868-04	9	Crear Proyecto	1	[{"added": {}}]	7	1
36	2022-09-09 01:15:07.030364-04	1	Proyecto 1	2	[{"added": {"name": "miembro", "object": "Miembro object (4)"}}]	16	1
37	2022-09-09 01:22:40.612491-04	1	Administrador	2	[{"changed": {"fields": ["Permiso"]}}]	8	1
38	2022-09-09 01:23:52.907009-04	1	Administrador	2	[{"changed": {"fields": ["Permiso"]}}]	8	1
39	2022-09-09 01:24:02.47073-04	1	Administrador	2	[{"changed": {"fields": ["Permiso"]}}]	8	1
40	2022-09-09 01:25:38.988286-04	3	angel_sebastian	2	[{"changed": {"name": "usuario", "object": "angel_sebastian", "fields": ["Rol"]}}]	4	1
73	2022-09-09 08:40:54.683255-04	1	Proyecto 1	2	[{"changed": {"name": "miembro", "object": "Miembro object (6)", "fields": ["Rol"]}}]	16	1
74	2022-09-09 08:41:18.164375-04	10	Iniciar Proyecto	1	[{"added": {}}]	7	1
75	2022-09-09 08:41:25.986618-04	2	Scrum Master	2	[{"changed": {"fields": ["Permiso"]}}]	8	1
76	2022-09-09 08:43:55.081784-04	11	Finalizar Proyecto	1	[{"added": {}}]	7	1
77	2022-09-09 08:44:02.025625-04	12	Cancelar Proyecto	1	[{"added": {}}]	7	1
78	2022-09-09 08:44:17.373598-04	13	Asignar Miembros	1	[{"added": {}}]	7	1
79	2022-09-09 08:44:24.404264-04	14	Desasignar Miembros	1	[{"added": {}}]	7	1
80	2022-09-09 08:44:36.343503-04	2	Scrum Master	2	[{"changed": {"fields": ["Permiso"]}}]	8	1
81	2022-09-09 08:47:24.866885-04	1	Proyecto 1	2	[{"changed": {"name": "miembro", "object": "Miembro object (2)", "fields": ["Usuario", "Rol"]}}]	16	1
82	2022-09-09 08:51:38.133501-04	1	Administrador	2	[{"changed": {"fields": ["Permiso"]}}]	8	1
83	2022-09-09 08:51:46.715924-04	2	Proyecto 2	2	[{"added": {"name": "miembro", "object": "Miembro object (39)"}}]	16	1
84	2022-09-09 09:27:17.63116-04	1	Proyecto 1	2	[{"changed": {"fields": ["Fecha inicio", "Fecha fin", "Estado"]}}]	16	1
85	2022-09-09 10:07:47.200679-04	8	Test de Proyecto	2	[{"changed": {"fields": ["Fecha inicio", "Fecha fin", "Estado"]}}]	16	1
86	2022-09-09 11:05:38.863224-04	1	Administrador	2	[{"changed": {"fields": ["Permiso"]}}]	8	1
345	2022-11-03 23:03:52.970062-03	20	Administrar proyecto	2	[{"changed": {"fields": ["Sprint"]}}]	19	1
346	2022-11-03 23:08:29.406522-03	57	Sprint 1	2	[{"changed": {"fields": ["Capacidad"]}}]	21	1
347	2022-11-03 23:11:24.968363-03	57	Sprint 1	2	[{"changed": {"fields": ["Capacidad"]}}]	21	1
348	2022-11-03 23:11:30.876798-03	57	Sprint 1	2	[{"deleted": {"name": "desarrollador", "object": "angel_sebastian"}}, {"deleted": {"name": "desarrollador", "object": "jose"}}]	21	1
349	2022-11-03 23:23:36.160654-03	57	Sprint 1	2	[{"changed": {"fields": ["Capacidad"]}}, {"deleted": {"name": "desarrollador", "object": "angel_sebastian"}}, {"deleted": {"name": "desarrollador", "object": "jose"}}]	21	1
350	2022-11-03 23:23:50.177008-03	57	Sprint 1	2	[{"changed": {"fields": ["Duracion"]}}]	21	1
351	2022-11-03 23:25:14.812261-03	57	Sprint 1	2	[{"changed": {"fields": ["Duracion"]}}, {"deleted": {"name": "desarrollador", "object": "angel_sebastian"}}, {"deleted": {"name": "desarrollador", "object": "jose"}}]	21	1
352	2022-11-03 23:26:07.095814-03	57	Sprint 1	2	[{"changed": {"fields": ["Duracion", "Capacidad"]}}, {"deleted": {"name": "desarrollador", "object": "angel_sebastian"}}, {"deleted": {"name": "desarrollador", "object": "jose"}}]	21	1
353	2022-11-03 23:26:41.010626-03	57	Sprint 1	2	[{"changed": {"fields": ["Capacidad"]}}, {"deleted": {"name": "desarrollador", "object": "angel_sebastian"}}, {"deleted": {"name": "desarrollador", "object": "jose"}}]	21	1
354	2022-11-03 23:32:22.860635-03	57	Sprint 1	2	[{"changed": {"fields": ["Estado"]}}]	21	1
355	2022-12-14 14:47:07.071716-03	18	Crear Rol	3		19	1
356	2022-12-14 14:47:22.436-03	19	Implementacion de permisos	3		19	1
357	2022-12-14 14:47:31.199221-03	20	Administrar proyecto	3		19	1
358	2022-12-14 14:48:25.639134-03	21	Administrar miembros	3		19	1
359	2022-12-14 14:48:31.68779-03	24	Modificar Rol	3		19	1
360	2022-12-14 14:48:38.180802-03	25	Eliminar Rol	3		19	1
361	2022-12-14 14:48:44.467867-03	26	Asignar usuarios a un proyecto	3		19	1
362	2022-12-14 14:48:51.168551-03	27	Desasignar usuarios de un proyecto	3		19	1
363	2022-12-14 14:48:57.64717-03	28	Administrar roles de un miembro	3		19	1
364	2022-12-14 14:49:05.861342-03	29	Administrar US	3		19	1
365	2022-12-14 14:49:12.39114-03	30	Asignar usuario a US	3		19	1
366	2022-12-14 14:49:18.13651-03	31	Desasignar usuario a US	3		19	1
367	2022-12-14 14:49:24.264578-03	32	Administrar Sprints	3		19	1
368	2022-12-14 14:49:30.897616-03	33	Asignar desarrolladores en un Sprint	3		19	1
369	2022-12-14 14:49:38.502737-03	34	Administrar Tablero	3		19	1
370	2022-12-14 14:49:46.704724-03	35	Implementar Burndown Chart	3		19	1
371	2022-12-14 14:49:53.46027-03	36	Administrar usuarios	3		19	1
372	2022-12-14 14:50:01.084224-03	37	Implementar notificaciones	3		19	1
373	2022-12-14 14:51:01.306471-03	49	SIstema Gestor de Proyectos	3		16	1
374	2022-10-20 14:53:27.290096-03	1	Historial object (1)	2	[{"changed": {"fields": ["Fecha"]}}]	58	1
375	2022-10-20 14:53:40.620669-03	2	Historial object (2)	2	[{"changed": {"fields": ["Fecha"]}}]	58	1
376	2022-10-20 15:02:22.564031-03	13	Historial object (13)	2	[{"changed": {"fields": ["Informacion"]}}]	58	1
377	2022-10-20 15:02:33.611616-03	15	Historial object (15)	2	[{"changed": {"fields": ["Informacion"]}}]	58	1
378	2022-10-20 16:34:55.322926-03	59	Sprint 1	3		21	1
379	2022-10-20 16:41:15.257049-03	60	Sprint 1	2	[{"changed": {"fields": ["Duracion"]}}]	21	1
380	2022-10-20 16:55:31.038452-03	60	Sprint 1	2	[{"changed": {"fields": ["Estado"]}}]	21	1
381	2022-10-21 17:22:09.030175-03	21	Tarea object (21)	1	[{"added": {}}]	56	1
382	2022-10-24 17:22:43.748216-03	38	Montaje del IDE	2	[{"changed": {"fields": ["Estado"]}}]	19	1
383	2022-10-24 17:29:02.602398-03	23	Tarea object (23)	1	[{"added": {}}]	56	1
384	2022-10-24 17:29:20.407135-03	22	Nota object (22)	2	[{"changed": {"fields": ["Fecha"]}}]	57	1
385	2022-10-24 18:46:33.542357-03	60	Sprint 1	2	[{"changed": {"fields": ["Estado"]}}]	21	1
386	2022-10-24 18:47:33.772091-03	60	Sprint 1	2	[{"changed": {"fields": ["Estado"]}}]	21	1
387	2022-10-24 18:52:51.289383-03	60	Sprint 1	2	[{"changed": {"fields": ["Estado"]}}]	21	1
388	2022-10-24 19:09:09.866959-03	60	Sprint 1	2	[{"changed": {"fields": ["Estado"]}}]	21	1
389	2022-10-24 19:12:04.460903-03	79	Historial object (79)	3		58	1
404	2022-10-24 11:33:01.331092-03	100	Historial object (100)	2	[{"changed": {"fields": ["Fecha"]}}]	58	1
405	2022-10-24 11:33:40.216774-03	71	Administrar Proyectos	2	[{"changed": {"fields": ["Fecha creacion"]}}]	19	1
406	2022-10-24 11:33:43.079746-03	71	Administrar Proyectos	2	[]	19	1
407	2022-10-25 11:34:11.949587-03	100	Historial object (100)	2	[{"changed": {"fields": ["Fecha"]}}]	58	1
408	2022-10-28 12:15:17.165887-03	59	Tarea object (59)	2	[{"changed": {"fields": ["Horas trabajadas"]}}]	56	1
409	2022-10-31 12:31:45.698874-03	61	Sprint 2	2	[{"changed": {"fields": ["Story points"]}}]	21	1
410	2022-10-31 12:32:26.446113-03	61	Sprint 2	2	[{"changed": {"fields": ["Estado", "Story points"]}}]	21	1
411	2022-10-31 12:33:41.247817-03	61	Sprint 2	2	[{"changed": {"fields": ["Story points", "Horas aprobadas"]}}]	21	1
412	2022-10-31 12:33:47.752899-03	61	Sprint 2	2	[{"changed": {"fields": ["Estado"]}}]	21	1
413	2022-12-15 12:55:27.192438-03	61	Sprint 2	2	[{"changed": {"fields": ["Estado", "Story points", "Horas aprobadas"]}}]	21	1
414	2022-12-15 12:57:16.088911-03	60	Sprint 1	2	[{"changed": {"fields": ["Horas aprobadas"]}}]	21	1
415	2022-12-15 12:58:02.521642-03	61	Sprint 2	2	[{"changed": {"fields": ["Story points", "Horas aprobadas"]}}]	21	1
416	2022-12-15 12:58:13.172588-03	61	Sprint 2	2	[{"changed": {"fields": ["Estado"]}}]	21	1
417	2022-10-31 13:00:08.028186-03	61	Sprint 2	2	[{"changed": {"fields": ["Fecha inicio", "Fecha fin"]}}]	21	1
418	2022-10-31 13:00:36.481123-03	61	Sprint 2	2	[{"changed": {"fields": ["Fecha inicio"]}}]	21	1
419	2022-10-31 13:01:03.267695-03	61	Sprint 2	2	[{"changed": {"fields": ["Fecha inicio"]}}]	21	1
420	2022-12-15 15:19:08.865061-03	51	Administrar Sprints	2	[{"changed": {"fields": ["Sprint"]}}]	19	1
421	2022-12-15 15:19:42.296384-03	1	TareaAux object (1)	1	[{"added": {}}]	59	1
422	2022-12-15 15:19:55.636961-03	2	TareaAux object (2)	1	[{"added": {}}]	59	1
423	2022-12-15 15:20:28.186128-03	51	Administrar Sprints	2	[{"changed": {"fields": ["Sprint"]}}]	19	1
424	2022-12-15 18:31:34.346793-03	112	Tarea object (112)	3		56	1
425	2023-04-26 11:00:53.837209-04	1	admin	2	[{"changed": {"fields": ["password"]}}]	4	1
426	2023-04-26 11:01:25.362176-04	1	admin	2	[{"changed": {"fields": ["password"]}}]	4	1
\.


--
-- Data for Name: django_content_type; Type: TABLE DATA; Schema: public; Owner: postgres
--

COPY public.django_content_type (id, app_label, model) FROM stdin;
1	admin	logentry
2	auth	permission
3	auth	group
4	auth	user
5	contenttypes	contenttype
6	sessions	session
7	roles	permiso
8	roles	rol
9	sites	site
10	account	emailaddress
11	account	emailconfirmation
12	socialaccount	socialaccount
13	socialaccount	socialapp
14	socialaccount	socialtoken
15	usuarios	usuario
16	proyectos	proyecto
17	proyectos	miembro
18	tipo_us	tipo_us
19	userstory	userstory
20	tipo_us	miembrotipous
21	sprints	sprint
54	tableros	tablero
55	sprints	desarrollador
56	userstory	tarea
57	userstory	nota
58	proyectos	historial
59	userstory	tareaaux
92	proyectos	notificacion
\.


--
-- Data for Name: django_migrations; Type: TABLE DATA; Schema: public; Owner: postgres
--

COPY public.django_migrations (id, app, name, applied) FROM stdin;
1	contenttypes	0001_initial	2022-09-08 22:14:09.450376-04
2	auth	0001_initial	2022-09-08 22:14:09.524277-04
3	account	0001_initial	2022-09-08 22:14:09.55638-04
4	account	0002_email_max_length	2022-09-08 22:14:09.570161-04
5	admin	0001_initial	2022-09-08 22:14:09.595555-04
6	admin	0002_logentry_remove_auto_add	2022-09-08 22:14:09.60648-04
7	admin	0003_logentry_add_action_flag_choices	2022-09-08 22:14:09.620255-04
8	contenttypes	0002_remove_content_type_name	2022-09-08 22:14:09.642261-04
9	auth	0002_alter_permission_name_max_length	2022-09-08 22:14:09.659149-04
10	auth	0003_alter_user_email_max_length	2022-09-08 22:14:09.670784-04
11	auth	0004_alter_user_username_opts	2022-09-08 22:14:09.680731-04
12	auth	0005_alter_user_last_login_null	2022-09-08 22:14:09.696131-04
13	auth	0006_require_contenttypes_0002	2022-09-08 22:14:09.698739-04
14	auth	0007_alter_validators_add_error_messages	2022-09-08 22:14:09.705846-04
15	auth	0008_alter_user_username_max_length	2022-09-08 22:14:09.724603-04
16	auth	0009_alter_user_last_name_max_length	2022-09-08 22:14:09.742568-04
17	auth	0010_alter_group_name_max_length	2022-09-08 22:14:09.762393-04
18	auth	0011_update_proxy_permissions	2022-09-08 22:14:09.779521-04
19	auth	0012_alter_user_first_name_max_length	2022-09-08 22:14:09.786807-04
20	roles	0001_initial	2022-09-08 22:14:09.819288-04
21	roles	0002_rename_rol_role	2022-09-08 22:14:09.84654-04
22	roles	0003_alter_role_description	2022-09-08 22:14:09.85742-04
23	roles	0004_rename_permission_permiso_rename_role_rol_and_more	2022-09-08 22:14:09.907482-04
24	usuarios	0001_initial	2022-09-08 22:14:09.941081-04
25	usuarios	0002_remove_usuario_id_alter_usuario_user	2022-09-08 22:14:09.972509-04
26	proyectos	0001_initial	2022-09-08 22:14:10.008076-04
27	sessions	0001_initial	2022-09-08 22:14:10.020942-04
28	sites	0001_initial	2022-09-08 22:14:10.027206-04
29	sites	0002_alter_domain_unique	2022-09-08 22:14:10.039144-04
30	socialaccount	0001_initial	2022-09-08 22:14:10.12255-04
31	socialaccount	0002_token_max_lengths	2022-09-08 22:14:10.148462-04
32	socialaccount	0003_extra_data_default_dict	2022-09-08 22:14:10.165282-04
33	proyectos	0002_alter_miembro_rol_alter_miembro_usuario	2022-09-08 22:29:44.384475-04
34	roles	0005_rol_proyecto	2022-09-25 00:07:31.837434-04
35	roles	0006_alter_rol_nombre	2022-09-25 18:55:20.581837-04
36	roles	0007_alter_rol_proyecto	2022-09-25 19:33:54.807793-04
37	roles	0008_permiso_es_admin	2022-09-25 19:49:04.918669-04
38	proyectos	0003_remove_miembro_rol_miembro_rol	2022-09-26 01:11:50.000834-04
39	proyectos	0004_alter_miembro_rol	2022-09-26 01:11:50.03131-04
40	tipo_us	0001_initial	2022-09-29 15:03:03.202305-04
41	userstory	0001_initial	2022-09-29 15:03:03.254559-04
42	tipo_us	0002_miembrotipous	2022-09-29 18:38:42.013517-04
43	userstory	0002_userstory_sprint_previo	2022-10-12 09:40:20.85828-03
44	userstory	0003_userstory_prioridad_alter_userstory_sprint_previo	2022-10-12 09:44:01.840102-03
45	userstory	0004_alter_userstory_tipo_us	2022-10-12 10:00:33.579892-03
46	userstory	0005_alter_userstory_autor	2022-10-12 10:09:55.606913-03
47	userstory	0006_alter_userstory_autor	2022-10-12 10:11:46.068548-03
48	userstory	0007_alter_userstory_sprint_previo	2022-10-12 10:29:18.44594-03
49	tipo_us	0003_tipo_us_campos	2022-10-12 18:58:24.782378-03
50	userstory	0008_userstory_usuario	2022-10-13 21:09:53.891829-03
51	sprints	0001_initial	2022-10-13 21:12:09.556217-03
52	userstory	0009_userstory_sprint	2022-10-13 21:12:19.337959-03
84	sprints	0002_sprint_fecha_fin_sprint_fecha_inicio	2022-10-14 22:59:05.772478-03
85	proyectos	0005_miembro_capacidad	2022-10-16 19:24:20.279129-03
86	tableros	0001_initial	2022-10-16 20:15:22.198287-03
87	userstory	0010_userstory_campo	2022-10-16 22:36:09.301819-03
88	userstory	0011_remove_userstory_usuario	2022-10-17 01:52:09.145501-03
89	proyectos	0006_miembro_userstory	2022-10-17 01:52:09.168895-03
90	proyectos	0007_remove_miembro_userstory_miembro_userstory	2022-10-17 10:54:56.506852-03
91	proyectos	0008_alter_miembro_userstory	2022-10-17 10:54:56.532492-03
92	userstory	0012_alter_userstory_prioridad	2022-10-26 23:58:22.79395-03
93	userstory	0013_alter_userstory_prioridad	2022-10-27 00:00:36.570177-03
94	userstory	0014_alter_userstory_descripcion	2022-10-27 00:47:24.006106-03
127	proyectos	0009_remove_miembro_capacidad	2022-10-29 19:55:32.395818-03
128	sprints	0003_desarrollador	2022-10-29 20:10:06.874179-03
129	sprints	0004_rename_capacidad_desarrollador_capacidad_por_dia_and_more	2022-10-30 00:15:51.304693-03
130	userstory	0015_userstory_asignado	2022-11-01 23:55:02.462988-03
131	userstory	0016_rename_campo_userstory_estado_tarea_nota	2022-11-02 18:05:04.343498-03
132	userstory	0017_tarea_fecha	2022-11-03 15:24:59.74863-03
133	userstory	0018_alter_nota_fecha	2022-11-03 17:46:06.48729-03
134	roles	0009_alter_rol_permiso	2022-11-03 17:59:13.684294-03
135	roles	0010_alter_rol_permiso	2022-11-03 17:59:13.713171-03
136	proyectos	0010_alter_proyecto_descripcion	2022-11-03 20:47:33.841468-03
137	userstory	0019_userstory_fecha_modificacion_and_more	2022-12-14 14:45:12.793564-03
138	proyectos	0011_historial	2022-12-14 14:45:12.845627-03
139	proyectos	0012_historial_proyecto	2022-12-14 14:45:12.874986-03
140	proyectos	0013_alter_historial_responsable	2022-12-14 14:45:12.920745-03
141	proyectos	0014_proyecto_story_points_alter_historial_accion	2022-12-14 14:45:12.948788-03
142	proyectos	0015_historial_userstory	2022-12-14 14:45:12.976144-03
143	sprints	0005_sprint_story_points	2022-12-14 14:45:12.991347-03
144	sprints	0006_sprint_horas_aprobadas_sprint_story_points_iniciales	2022-12-14 14:45:13.023244-03
145	userstory	0020_tareaaux	2022-12-14 18:30:42.368759-03
178	proyectos	0016_notificacion	2023-04-26 10:54:47.3551-04
179	proyectos	0017_notificacion_destinatario_notificacion_visto	2023-04-26 10:54:47.416175-04
\.


--
-- Data for Name: django_session; Type: TABLE DATA; Schema: public; Owner: postgres
--

COPY public.django_session (session_key, session_data, expire_date) FROM stdin;
dn51sisvnkihu13mfgxamu6rh7hsd4f3	.eJxVjMsOwiAQRf-FtSFOebVduvcbCDCDRQ000CYa479rky50e8-558WsW5fJro2qTchGBh07_I7ehRvljeDV5UvhoeSlJs83he-08XNBup929y8wuTZ939FTFEYOShjsXa8kaNUhRDDg5CAMIXVae48w9BJRG4KoZAhCRh00qi3aqLVUsqXHnOqTjcf3B68ZP1w:1okIOy:nToLkzaufcn_9R_OJAw_jpQHiP6VsnHp3EEHpHBB_yo	2022-10-31 02:11:00.550762-03
u8oqh3r974gnfsd378307uux8rhhtzaj	.eJxVjEEOwiAQRe_C2pBChxa6dO8ZyMBMLWrAlDbRGO-uTbrQ7X_vv5fwuC6TXyvPPpEYhBaH3y1gvHLeAF0wn4uMJS9zCnJT5E6rPBXi23F3_wIT1un7bpxG1NqagACaGgJC7YiVVYSAHXNUrTEK2zgah2Ah9HbsCLhF7l23RSvXmkr2_Lin-SmG5v0Blgg_Zg:1okPex:ofIB546B3k3jLSrYxVIiof2t0CjMEa-2-KFnTXZBrz8	2022-10-31 09:55:59.999207-03
4vyk6v2j9kc3qoru0dr6barnce9w70hj	.eJxVjMEOgyAQRP-Fc2OABVx6a3-ErLsQTQ0mFU9N_73aeGiP82bmvVSirY1pW_MzTaKuCtTllw3Ej1yPgub5wB0xL1tt3Xdz1mt321OubWJq01Lv5-tPNdI67h5bECRoLBAHI7Fnjl6XIBkoZN97LOSEnNEBwVpLGBhEmxgFkJ2O6v0Btns7yQ:1oqn61:CW7whn0T4RiqQG1r1PmIyUQ33KEpKxtxynmoUygN6yo	2022-11-18 00:10:17.402839-03
ti93kgr1kpufq2hrxjpr6wp8ya5jdpgr	.eJxVjMEOgyAQRP-Fc2OABVx6a3-ErLsQTQ0mFU9N_73aeGiP82bmvVSirY1pW_MzTaKuCtTllw3Ej1yPgub5wB0xL1tt3Xdz1mt321OubWJq01Lv5-tPNdI67h5bECRoLBAHI7Fnjl6XIBkoZN97LOSEnNEBwVpLGBhEmxgFkJ2O6v0Btns7yQ:1okPxP:oqjqDRZHOY_0EMB5C7wJ_noV-3XPoa0CyhoofAfsQ6A	2022-10-31 10:15:03.179522-03
1lituwrvnh4bjnhksbgrcdbqm638g83i	.eJxVjEsOwiAUAO_C2hCw5dele89AHrynRQ000CYa490NSRe6nZnMm3nY1tlvjapPyCZm2eGXBYh3yl3gDfK18FjyWlPgPeG7bfxckB6nvf0bzNDmvtUoTNRkSSpljSQMShmhQRjnMLgBImhw4YIYjZXqaOU4aCtAwkCj0n3aqLVUsqfnkuqLTeLzBYDbPsU:1obsSG:Zl-7BIffNv7uoac4kfCFJf4_bFRys7M7Lon0v9rQmPk	2022-10-07 20:51:36.497855-03
44rnbmz6t3zv8pmpcet51jhgrya16dir	.eJxVjEsOwiAUAO_C2hCw5dele89AHrynRQ000CYa490NSRe6nZnMm3nY1tlvjapPyCZm2eGXBYh3yl3gDfK18FjyWlPgPeG7bfxckB6nvf0bzNDmvtUoTNRkSSpljSQMShmhQRjnMLgBImhw4YIYjZXqaOU4aCtAwkCj0n3aqLVUsqfnkuqLTeLzBYDbPsU:1obsSS:57k_uzfDX9aR9LOh3MVwrGALRLPlGa2KIMOOUTYVKqk	2022-10-07 20:51:48.469667-03
s5tvds0iobrv1b2x7vnyzp3b2xer5jjb	.eJxVjEsOwiAUAO_C2hCw5dele89AHrynRQ000CYa490NSRe6nZnMm3nY1tlvjapPyCZm2eGXBYh3yl3gDfK18FjyWlPgPeG7bfxckB6nvf0bzNDmvtUoTNRkSSpljSQMShmhQRjnMLgBImhw4YIYjZXqaOU4aCtAwkCj0n3aqLVUsqfnkuqLTeLzBYDbPsU:1ocAeY:NRtx4agbxJgyGLQsKN_VsA933jhK_O_xN8fxVKqbQJI	2022-10-08 16:17:30.230495-03
nc5sfp7j5a53g4bz68toicc6nh6uizng	.eJxVjMEOgyAQRP-Fc2OABVx6a3-ErLsQTQ0mFU9N_73aeGiP82bmvVSirY1pW_MzTaKuCtTllw3Ej1yPgub5wB0xL1tt3Xdz1mt321OubWJq01Lv5-tPNdI67h5bECRoLBAHI7Fnjl6XIBkoZN97LOSEnNEBwVpLGBhEmxgFkJ2O6v0Btns7yQ:1oWWXw:c4IGwk0FvOafwd0wCjoLxrzFRMFnONlwKu0sljrVTAs	2022-09-23 01:27:20.421093-04
rrlbqfe99q735fzuudm174i0x4aq31lr	.eJxVjEEOwiAQAP_C2RCQsoBH730DWdhVqgaS0p6MfzckPeh1ZjJvEXHfStw7r3EhcRFenH5ZwvzkOgQ9sN6bzK1u65LkSORhu5wb8et6tH-Dgr2MLZByGdizttY7zZSsdQpQuRAoBYMZAUO6EWXntT17PRnwCjUaniyIzxff5TeI:1oWhng:-4pKuNzZgj2HSFM15ifMY74421hBg8UGzCsE2osU6Ms	2022-09-23 13:28:20.630399-04
fd4s59itqg4qtwgh8iynblo3x65g1mmj	.eJxVjMEOgyAQRP-Fc2OABVx6a3-ErLsQTQ0mFU9N_73aeGiP82bmvVSirY1pW_MzTaKuCtTllw3Ej1yPgub5wB0xL1tt3Xdz1mt321OubWJq01Lv5-tPNdI67h5bECRoLBAHI7Fnjl6XIBkoZN97LOSEnNEBwVpLGBhEmxgFkJ2O6v0Btns7yQ:1ohjpf:BqGVYb6lXw9aJZjOafOtCdIrz3J7zCMuXa-35xDx99w	2022-10-24 00:51:59.864611-03
avfsu705nvx2brx8aj67qons85a0nvtm	.eJxVjDsOwjAQBe_iGln-xJ-lpOcMlne9wQHkSHFSIe4OkVJA-2bmvUTK21rT1nlJUxFnocXpd8NMD247KPfcbrOkua3LhHJX5EG7vM6Fn5fD_TuouddvHTBE5XRAOyAV43wc0BdGH40vBBY1A3hHWdGIdgzAgNaAA8NMWnnx_gDexTfo:1oqm2s:MNmDg9mRwWlwXcflkSqGdAEQOFVoYQ5QNbx08VVPj0A	2022-11-17 23:02:58.559152-03
oicjn1swg23hdwpkll28hdxa2z28f6bc	.eJxVjMEOgyAQRP-Fc2OABVx6a3-ErLsQTQ0mFU9N_73aeGiP82bmvVSirY1pW_MzTaKuCtTllw3Ej1yPgub5wB0xL1tt3Xdz1mt321OubWJq01Lv5-tPNdI67h5bECRoLBAHI7Fnjl6XIBkoZN97LOSEnNEBwVpLGBhEmxgFkJ2O6v0Btns7yQ:1ocbVI:pQOnTZhdC866ude1P9KSBh4k1LR5qTFNSVhXqhHeOZg	2022-10-09 20:57:44.655151-03
bss2q1plp9c6rplxp7n5sdcqspklf91l	.eJxVjEEOwiAQRe_C2pBChxa6dO8ZyMBMLWrAlDbRGO-uTbrQ7X_vv5fwuC6TXyvPPpEYhBaH3y1gvHLeAF0wn4uMJS9zCnJT5E6rPBXi23F3_wIT1un7bpxG1NqagACaGgJC7YiVVYSAHXNUrTEK2zgah2Ah9HbsCLhF7l23RSvXmkr2_Lin-SmG5v0Blgg_Zg:1oe7YG:exK13UywkTtvwFPsTU_G1OnrOsSAmsEyEg4NnmGoD7k	2022-10-14 01:23:04.581352-03
1bcriewsyuzagvyg178ofp370im1gncu	.eJxVjEEOwiAQAP_C2RCQsoBH730DWdhVqgaS0p6MfzckPeh1ZjJvEXHfStw7r3EhcRFenH5ZwvzkOgQ9sN6bzK1u65LkSORhu5wb8et6tH-Dgr2MLZByGdizttY7zZSsdQpQuRAoBYMZAUO6EWXntT17PRnwCjUaniyIzxff5TeI:1ocgYz:_zR_ooJcwLgEhsZNuLI3v4tQ__jkYXHhrVYxraFgH9A	2022-10-10 02:21:53.673618-03
xp3m0ca5q2p8o57kesl1gt9fmpa7scop	.eJxVjEEOwiAQRe_C2pBChxa6dO8ZyMBMLWrAlDbRGO-uTbrQ7X_vv5fwuC6TXyvPPpEYhBaH3y1gvHLeAF0wn4uMJS9zCnJT5E6rPBXi23F3_wIT1un7bpxG1NqagACaGgJC7YiVVYSAHXNUrTEK2zgah2Ah9HbsCLhF7l23RSvXmkr2_Lin-SmG5v0Blgg_Zg:1oicBd:2RdRgpu3nOO9hlIUQlJuZaDMBfGRHUnUDuMnSCrh2e4	2022-10-26 10:54:17.587587-03
cveyyoci0xrewxnw778xp61htbzwbibb	.eJxVjMEOgyAQRP-Fc2OABVx6a3-ErLsQTQ0mFU9N_73aeGiP82bmvVSirY1pW_MzTaKuCtTllw3Ej1yPgub5wB0xL1tt3Xdz1mt321OubWJq01Lv5-tPNdI67h5bECRoLBAHI7Fnjl6XIBkoZN97LOSEnNEBwVpLGBhEmxgFkJ2O6v0Btns7yQ:1oqwlt:g6GLes-3n3IXW_yOBRM3-rrKYlF2jM__OCEiH_xSGj4	2022-11-18 10:30:09.326403-03
67wtu7901iohwt8b8htn1o996rd72mgv	eyJzb2NpYWxhY2NvdW50X3N0YXRlIjpbeyJwcm9jZXNzIjoibG9naW4iLCJzY29wZSI6IiIsImF1dGhfcGFyYW1zIjoiIn0sIkU0aDZkaDV4bU5EbSJdfQ:1olbCj:jE4EVjwcPQhRoyiCZTX90M57JZug9PAu_KSIwnza2m0	2022-11-03 16:27:45.65877-03
9tclw6v9e1p7qky23pfcf9f7cq90rze0	.eJxVjMEOgyAQRP-Fc2OABVx6a3-ErLsQTQ0mFU9N_73aeGiP82bmvVSirY1pW_MzTaKuCtTllw3Ej1yPgub5wB0xL1tt3Xdz1mt321OubWJq01Lv5-tPNdI67h5bECRoLBAHI7Fnjl6XIBkoZN97LOSEnNEBwVpLGBhEmxgFkJ2O6v0Btns7yQ:1p5XRS:EERmXCcjlIpyLTWNmxIUteQXjffeuzQpPpjQPcbdXUs	2022-12-28 16:29:22.940559-03
d22k5zrcqsnmwqxluvodto2kbaictvep	.eJxVjDsOwjAQBe_iGln-xJ-lpOcMlne9wQHkSHFSIe4OkVJA-2bmvUTK21rT1nlJUxFnocXpd8NMD247KPfcbrOkua3LhHJX5EG7vM6Fn5fD_TuouddvHTBE5XRAOyAV43wc0BdGH40vBBY1A3hHWdGIdgzAgNaAA8NMWnnx_gDexTfo:1opWko:VDjWmcL1Eo6pFTVAyWXZP4dssqM3bYowkvX-IAE4vj4	2022-11-14 12:31:10.663836-03
s5sd2uqwmshcw8qnukm17lzygoyy6ioi	.eJxVjMsOwiAQRf-FtSE8ho7t0r3fQIABixpoSptojP-uTbrQ7T3nnhezbl1Gu7Y420xsYLJjh9_Ru3CLZSN0deVSeahlmbPnm8J32vi5UryfdvcvMLo2ft_gIwahDPRgEKAjoyhQ7CWRdEqASNpLwIBGdEInRIOkZDqiTkFDL7doi63lWmx8THl-skG8P4akPlQ:1os5tp:S4twnJLX_e55F2ZtiHwH17B5yIzmVfZxxvDpM7NCCNU	2022-11-21 14:27:05.369604-03
g9zbukosm03e74e1hlc65lowvkw03uqb	.eJxVjEEOwiAQRe_C2hBgKmCX7j0DmSlTixow0CYa4921SRe6_e_99xIBl3kKS-MaUhS90Hux-x0JhyvnlcQL5nORQ8lzTSRXRW60yVOJfDtu7l9gwjZ93-DQOK-oG4HZGvB6RD2SodhF5y2C4gjkNLL17qAVWOWYtLGWICrr12jj1lLJgR_3VJ-iV-8PphI-2Q:1p5vuT:qUhd-L5gNjJq1FFRibBFkqd_6jp8RDpFqFVLbbzn1pQ	2022-12-29 18:36:57.64943-03
8k1klxem7edlt5q0uv98srh0s1f8cynq	.eJxVjEEOwiAQRe_C2hAopWVcuvcMZJgZpGpoUtqV8e7apAvd_vfef6mI21ri1mSJE6uzsur0uyWkh9Qd8B3rbdY013WZkt4VfdCmrzPL83K4fwcFW_nWmTONDjkYY2TwZG3IwMl7QHDYJcy99MYRyNihD-ADG4s0GPQgKTv1_gD7TThh:1prgf5:JMWNwm3Okg48_GJWctzALpQPAGuh2k0lR-RB9wUHCTw	2023-05-10 11:02:27.18047-04
\.


--
-- Data for Name: django_site; Type: TABLE DATA; Schema: public; Owner: postgres
--

COPY public.django_site (id, domain, name) FROM stdin;
1	localhost	localhost
\.


--
-- Data for Name: proyectos_historial; Type: TABLE DATA; Schema: public; Owner: postgres
--

COPY public.proyectos_historial (id, fecha, accion, elemento, informacion, responsable_id, proyecto_id, userstory_id) FROM stdin;
1	2022-10-20 14:52:56-03	Creacion	Roles	ID: 82; Nombre: Gestor de roles; Descripcion: Rol que tiene los permisos de gestion de roles; Permisos: Crear Rol, Modificar Rol, Eliminar Rol, Visualizar Roles	3	51	\N
2	2022-10-20 14:53:00-03	Modificacion	Roles	ID: 80; Nombre: Scrum Master; Descripcion: Rol de Scrum Master; Permisos: Crear Rol, Modificar Rol, Eliminar Rol, Visualizar Roles, Iniciar Proyecto, Finalizar Proyecto, Cancelar Proyecto, Asignar Miembros, Desasignar Miembros, Gestionar Roles De Un Usuario, Visualizar US, Modificar US, Crear US, Visualizar Tipo US, Crear Tipo US, Modificar Tipo US, Eliminar Tipo US, Importar Tipo US, Visualizar Sprints, Crear Sprint, Visualizar Sprint Backlog, Agregar US Al Sprint Backlog, Quitar US Del Sprint Backlog, Aprobar US, Visualizar Tablero, Asignar US A Usuario, Iniciar Sprint, Finalizar Sprint, Cancelar Sprint, Adjuntar Notas, Asignar Desarrolladores, Modificar Capacidad Por Dia	3	51	\N
3	2022-10-20 14:53:52.915896-03	Modificacion	Proyectos	El usuario 'jose' fue asignado como Miembro de este proyecto	3	51	\N
4	2022-10-20 14:53:56.893522-03	Modificacion	Proyectos	El usuario 'miguel' fue asignado como Miembro de este proyecto	3	51	\N
5	2022-10-20 14:53:59.294172-03	Modificacion	Proyectos	El usuario 'marcelo' fue asignado como Miembro de este proyecto	3	51	\N
6	2022-10-20 14:54:08.666442-03	Modificacion	Proyectos	Al miembro 'jose' se le fue asignado los siguientes roles: Developer	3	51	\N
7	2022-10-20 14:54:13.300447-03	Modificacion	Proyectos	Al miembro 'miguel' se le fue asignado los siguientes roles: Developer, Gestor de roles	3	51	\N
8	2022-10-20 14:54:17.667929-03	Modificacion	Proyectos	Al miembro 'marcelo' se le fue asignado los siguientes roles: Developer	3	51	\N
9	2022-10-20 14:54:57.320736-03	Importacion	Tipo de US	Se ha importado el tipo de US: 'Tipo Menu' del proyecto 'Sistema de Pedidos en Linea'	3	51	\N
10	2022-10-20 14:55:27.100097-03	Modificacion	Tipo de US	ID: 70; Nombre: Tipo Testing; Descripcion: Tipo de US para pruebas; Campos: campo1,campo2,campo3	3	51	\N
11	2022-10-20 14:58:07.81698-03	Creacion	Tipo de US	ID: 71; Nombre: Tipo Roles; Descripcion: Tipo de US para la gestion de roles; Campos: campo1,campo2	3	51	\N
12	2022-10-20 14:58:39.742794-03	Creacion	Tipo de US	ID: 72; Nombre: Tipo Proyecto; Descripcion: Tipo de US para la gestion de proyectos; Campos: campo1	3	51	\N
14	2022-10-20 14:59:51.261293-03	Creacion	Tipo de US	ID: 74; Nombre: Tipo Sprint; Descripcion: Tipo de US para el desarrollo de Sprints; Campos: campo1,campo2,campo3,campo4	3	51	\N
16	2022-10-20 15:01:13.325268-03	Creacion	Tipo de US	ID: 76; Nombre: Tipo Tablero; Descripcion: Tipo de US para el desarrollo de tableros Kanban; Campos: campo1,campo2	3	51	\N
13	2022-10-20 14:59:09-03	Creacion	Tipo de US	ID: 73; Nombre: Tipo US; Descripcion: Tipo de US para los User Stories; Campos: No tiene	3	51	\N
15	2022-10-20 15:00:47-03	Creacion	Tipo de US	ID: 75; Nombre: TIpo Permisos; Descripcion: Tipo de US para el desarrollo de permisos; Campos: No tiene	3	51	\N
17	2022-10-20 15:10:38.888471-03	Creacion	User Stories	ID: 38; Nombre: Montaje del IDE; Tipo de US: Tipo Testing; Descripcion: Montaje del IDE; Horas estimadas: 1; Prioridad tecnica: 10; Prioridad de negocio: 2; Prioridad general: 5.2	3	51	\N
18	2022-10-20 15:11:46.683948-03	Creacion	User Stories	ID: 39; Nombre: Montaje del ambiente de desarrollo; Tipo de US: Tipo Testing; Descripcion: Montaje del ambiente de desarrollo con Apache; Horas estimadas: 1; Prioridad tecnica: 10; Prioridad de negocio: 2; Prioridad general: 5.2	3	51	\N
19	2022-10-20 15:12:35.421533-03	Creacion	User Stories	ID: 40; Nombre: Montaje del ambiente de produccion; Tipo de US: Tipo Testing; Descripcion: Montaje del ambiente de produccion con Apache; Horas estimadas: 1; Prioridad tecnica: 10; Prioridad de negocio: 2; Prioridad general: 5.2	3	51	\N
20	2022-10-20 15:12:54.62765-03	Modificacion	User Stories	ID: 39; Nombre: Montaje del ambiente de desarrollo; Tipo de US: Tipo Testing; Descripcion: Montaje del ambiente de desarrollo con el servidor de Django; Horas estimadas: 1; Prioridad tecnica: 10; Prioridad de negocio: 2; Prioridad general: 5.2	3	51	39
21	2022-10-20 15:14:27.161656-03	Creacion	User Stories	ID: 41; Nombre: Crear Permiso; Tipo de US: TIpo Permisos; Descripcion: US para la creacion de permisos; Horas estimadas: 2; Prioridad tecnica: 8; Prioridad de negocio: 4; Prioridad general: 5.6	3	51	\N
22	2022-10-20 15:15:13.387188-03	Modificacion	User Stories	ID: 41; Nombre: Definicion de permisos; Tipo de US: TIpo Permisos; Descripcion: US para la definicion de permisos; Horas estimadas: 2; Prioridad tecnica: 8; Prioridad de negocio: 4; Prioridad general: 5.6	3	51	41
23	2022-10-20 15:16:24.590115-03	Creacion	User Stories	ID: 42; Nombre: Definicion de roles; Tipo de US: Tipo Roles; Descripcion: US para la visualizacion, creacion, modificacion y eliminacion de roles.; Horas estimadas: 2; Prioridad tecnica: 8; Prioridad de negocio: 4; Prioridad general: 5.6	3	51	\N
24	2022-10-20 15:16:52.403558-03	Modificacion	User Stories	ID: 42; Nombre: Definicion de roles; Tipo de US: Tipo Roles; Descripcion: US para la visualizacion, creacion, modificacion y eliminacion de roles.; Horas estimadas: 3; Prioridad tecnica: 7; Prioridad de negocio: 4; Prioridad general: 5.2	3	51	42
25	2022-10-20 15:16:59.627153-03	Modificacion	User Stories	ID: 41; Nombre: Definicion de permisos; Tipo de US: TIpo Permisos; Descripcion: US para la definicion de permisos; Horas estimadas: 2; Prioridad tecnica: 7; Prioridad de negocio: 4; Prioridad general: 5.2	3	51	41
26	2022-10-20 15:19:59.105935-03	Creacion	User Stories	ID: 43; Nombre: Implementacion de SSO; Tipo de US: Tipo Testing; Descripcion: US para la implementacion del SSO; Horas estimadas: 2; Prioridad tecnica: 10; Prioridad de negocio: 3; Prioridad general: 5.8	3	51	\N
27	2022-10-20 15:20:32.034668-03	Creacion	Tipo de US	ID: 77; Nombre: Tipo Usuario; Descripcion: Tipo de US para la gestion de usuarios; Campos: campo1	3	51	\N
28	2022-10-20 15:32:33.11255-03	Modificacion	User Stories	ID: 41; Nombre: Administrar permisos; Tipo de US: TIpo Permisos; Descripcion: US para la administracion de permisos; Horas estimadas: 2; Prioridad tecnica: 7; Prioridad de negocio: 4; Prioridad general: 5.2	3	51	41
29	2022-10-20 15:32:48.959994-03	Modificacion	User Stories	ID: 42; Nombre: Administrar roles; Tipo de US: Tipo Roles; Descripcion: US para la visualizacion, creacion, modificacion y eliminacion de roles.; Horas estimadas: 3; Prioridad tecnica: 7; Prioridad de negocio: 4; Prioridad general: 5.2	3	51	42
30	2022-10-20 15:35:56.570576-03	Creacion	User Stories	ID: 44; Nombre: Administrar usuarios; Tipo de US: Tipo Usuario; Descripcion: US para la visualizacion, creacion, modificacion y eliminacion de un usuario; Horas estimadas: 2; Prioridad tecnica: 8; Prioridad de negocio: 4; Prioridad general: 5.6	3	51	\N
31	2022-10-20 15:56:31.240734-03	Creacion	User Stories	ID: 45; Nombre: Iniciar Proyecto; Tipo de US: Tipo Proyecto; Descripcion: US para la implementacion de un boton para iniciar proyecto; Horas estimadas: 1; Prioridad tecnica: 6; Prioridad de negocio: 3; Prioridad general: 4.2	3	51	\N
122	2022-11-01 13:07:56.149813-03	Modificacion	Sprints	Se ha agregado el User Story: 'Administrar Historias de Usuario' al Sprint Backlog del sprint 'Sprint 3'	3	51	\N
32	2022-10-20 15:58:48.632946-03	Creacion	User Stories	ID: 46; Nombre: Administrar Historias de Usuario; Tipo de US: Tipo US; Descripcion: US para la visualizacion, creacion y modificacion de Historias de Usuario; Horas estimadas: 2; Prioridad tecnica: 8; Prioridad de negocio: 5; Prioridad general: 6.2	14	51	\N
33	2022-10-20 15:59:22.810944-03	Creacion	User Stories	ID: 47; Nombre: Product Backlog; Tipo de US: Tipo US; Descripcion: US para la implementacion del Product Backlog; Horas estimadas: 1; Prioridad tecnica: 7; Prioridad de negocio: 5; Prioridad general: 5.800000000000001	14	51	\N
34	2022-10-20 15:59:40.483649-03	Modificacion	User Stories	ID: 46; Nombre: Administrar Historias de Usuario; Tipo de US: Tipo US; Descripcion: US para la creacion y modificacion de Historias de Usuario; Horas estimadas: 2; Prioridad tecnica: 8; Prioridad de negocio: 5; Prioridad general: 6.2	14	51	46
35	2022-10-20 16:00:35.559619-03	Creacion	User Stories	ID: 48; Nombre: Administrar Tipo de US; Tipo de US: Tipo US; Descripcion: US para la visualizacion, creacion, modificacion, eliminacion e importacion del los tipos de US; Horas estimadas: 3; Prioridad tecnica: 7; Prioridad de negocio: 4; Prioridad general: 5.2	14	51	\N
36	2022-10-20 16:04:03.728711-03	Creacion	User Stories	ID: 49; Nombre: Administracion de flujos; Tipo de US: Tipo Tablero; Descripcion: US para ordenar los campos de un tipo de US que reflejen en el tablero Kanban; Horas estimadas: 2; Prioridad tecnica: 6; Prioridad de negocio: 3; Prioridad general: 4.2	14	51	\N
37	2022-10-20 16:04:41.438982-03	Creacion	User Stories	ID: 50; Nombre: Priorizacion US; Tipo de US: Tipo US; Descripcion: US para la implementacion de la priorizacion de un US; Horas estimadas: 1; Prioridad tecnica: 5; Prioridad de negocio: 3; Prioridad general: 3.8	14	51	\N
38	2022-10-20 16:05:56.188648-03	Creacion	User Stories	ID: 51; Nombre: Administrar Sprints; Tipo de US: Tipo Sprint; Descripcion: US para la visualizacion, creacion y modificacion de Sprints; Horas estimadas: 3; Prioridad tecnica: 7; Prioridad de negocio: 6; Prioridad general: 6.4	14	51	\N
39	2022-10-20 16:06:32.638827-03	Creacion	User Stories	ID: 52; Nombre: Asignar desarrolladores en Sprint; Tipo de US: Tipo Sprint; Descripcion: US para la asignacion de desarrolladores en un Sprint; Horas estimadas: 1; Prioridad tecnica: 6; Prioridad de negocio: 5; Prioridad general: 5.4	14	51	\N
40	2022-10-20 16:07:18.889899-03	Creacion	User Stories	ID: 53; Nombre: Calcular capacidad de trabajo; Tipo de US: Tipo Sprint; Descripcion: US para la implementacion del calculo de capacidad de trabajo de todos los desarrolladores en un Sprint; Horas estimadas: 2; Prioridad tecnica: 5; Prioridad de negocio: 5; Prioridad general: 5.0	14	51	\N
41	2022-10-20 16:11:50.568071-03	Creacion	User Stories	ID: 54; Nombre: Sprint Backlog; Tipo de US: Tipo Sprint; Descripcion: US para la implementacion del Sprint Backlog; Horas estimadas: 2; Prioridad tecnica: 4; Prioridad de negocio: 5; Prioridad general: 4.6	14	51	\N
42	2022-10-20 16:14:57.383239-03	Creacion	User Stories	ID: 55; Nombre: Visualizacion Kanban; Tipo de US: Tipo Tablero; Descripcion: US para la implementacion de tableros Kanban; Horas estimadas: 3; Prioridad tecnica: 4; Prioridad de negocio: 7; Prioridad general: 5.800000000000001	15	51	\N
43	2022-10-20 16:17:23.963405-03	Creacion	User Stories	ID: 56; Nombre: Actividades secuenciales; Tipo de US: Tipo Tablero; Descripcion: US para la implementacion de actividades secuenciales (Mover un US de un campo a otro en un tablero Kanban); Horas estimadas: 2; Prioridad tecnica: 4; Prioridad de negocio: 7; Prioridad general: 5.800000000000001	15	51	\N
44	2022-10-20 16:19:12.920702-03	Creacion	User Stories	ID: 57; Nombre: Cambio de desarrolladores; Tipo de US: Tipo Sprint; Descripcion: US para la implementacion de cambio de desarrolladores en un Sprint; Horas estimadas: 1; Prioridad tecnica: 3; Prioridad de negocio: 3; Prioridad general: 3.0	15	51	\N
45	2022-10-20 16:19:46.078969-03	Creacion	User Stories	ID: 58; Nombre: Registros de actividades; Tipo de US: Tipo Tablero; Descripcion: US para la implementacion de registros de actividades/tareas; Horas estimadas: 2; Prioridad tecnica: 6; Prioridad de negocio: 6; Prioridad general: 6.0	15	51	\N
46	2022-10-20 16:20:35.55068-03	Creacion	User Stories	ID: 59; Nombre: Cambios de estados; Tipo de US: Tipo Tablero; Descripcion: US para la implementacion de cambios de estados de un US dentro de un tablero Kanban.; Horas estimadas: 2; Prioridad tecnica: 5; Prioridad de negocio: 5; Prioridad general: 5.0	15	51	\N
47	2022-10-20 16:24:39.279146-03	Creacion	User Stories	ID: 60; Nombre: Notificaciones; Tipo de US: Tipo Proyecto; Descripcion: US para la implementacion de Notificaciones; Horas estimadas: 1; Prioridad tecnica: 2; Prioridad de negocio: 2; Prioridad general: 2.0	16	51	\N
48	2022-10-20 16:25:09.343143-03	Creacion	User Stories	ID: 61; Nombre: Cerrar proyecto; Tipo de US: Tipo Proyecto; Descripcion: US para la implementacion de cerrar proyecto; Horas estimadas: 1; Prioridad tecnica: 1; Prioridad de negocio: 1; Prioridad general: 1.0	16	51	\N
49	2022-10-20 16:25:52.276736-03	Creacion	User Stories	ID: 62; Nombre: Historial de modificaciones; Tipo de US: Tipo Proyecto; Descripcion: US para la implementacion de historial de notificaciones; Horas estimadas: 1; Prioridad tecnica: 3; Prioridad de negocio: 3; Prioridad general: 3.0	16	51	\N
50	2022-10-20 16:26:41.523735-03	Creacion	User Stories	ID: 63; Nombre: Burndown Chart; Tipo de US: Tipo Proyecto; Descripcion: US para la implementacion del Burndown Chart; Horas estimadas: 4; Prioridad tecnica: 6; Prioridad de negocio: 5; Prioridad general: 5.4	16	51	\N
51	2022-10-20 16:34:17.116059-03	Modificacion	Sprints	El miembro 'angel_sebastian' fue asignado como Desarrollador en el sprint 'Sprint 1' con una capacidad por dia de 3 horas	3	50	\N
52	2022-10-20 16:35:41.390576-03	Modificacion	Sprints	El miembro 'angel_sebastian' fue asignado como Desarrollador en el sprint 'Sprint 1' con una capacidad por dia de 3 horas	3	51	\N
53	2022-10-20 16:35:51.337074-03	Modificacion	Sprints	El miembro 'miguel' fue asignado como Desarrollador en el sprint 'Sprint 1' con una capacidad por dia de 2 horas	3	51	\N
54	2022-10-20 16:39:50.60844-03	Modificacion	Sprints	Se ha agregado el User Story: 'Montaje del IDE' al Sprint Backlog del sprint 'Sprint 1'	3	51	\N
55	2022-10-20 16:40:39.466647-03	Modificacion	Sprints	Se ha agregado el User Story: 'Montaje del ambiente de desarrollo' al Sprint Backlog del sprint 'Sprint 1'	3	51	\N
56	2022-10-20 16:40:47.609477-03	Modificacion	Sprints	Se ha agregado el User Story: 'Montaje del ambiente de produccion' al Sprint Backlog del sprint 'Sprint 1'	3	51	\N
57	2022-10-20 16:41:24.413875-03	Modificacion	Sprints	La capacidad por dia del Desarrollador 'angel_sebastian' del sprint 'Sprint 1' ahora es de 3 horas	3	51	\N
58	2022-10-20 16:41:26.526541-03	Modificacion	Sprints	La capacidad por dia del Desarrollador 'miguel' del sprint 'Sprint 1' ahora es de 2 horas	3	51	\N
59	2022-10-20 16:42:19.297285-03	Modificacion	User Stories	ID: 38; Nombre: Montaje del IDE; Tipo de US: Tipo Testing; Descripcion: Montaje del IDE; Horas estimadas: 4; Prioridad tecnica: 10; Prioridad de negocio: 2; Prioridad general: 5.2	3	51	38
123	2022-11-01 13:08:09.903091-03	Modificacion	Sprints	Se ha agregado el User Story: 'Product Backlog' al Sprint Backlog del sprint 'Sprint 3'	3	51	\N
60	2022-10-20 16:42:26.766071-03	Modificacion	User Stories	ID: 39; Nombre: Montaje del ambiente de desarrollo; Tipo de US: Tipo Testing; Descripcion: Montaje del ambiente de desarrollo con el servidor de Django; Horas estimadas: 4; Prioridad tecnica: 10; Prioridad de negocio: 2; Prioridad general: 5.2	3	51	39
61	2022-10-20 16:42:35.219081-03	Modificacion	User Stories	ID: 40; Nombre: Montaje del ambiente de produccion; Tipo de US: Tipo Testing; Descripcion: Montaje del ambiente de produccion con Apache; Horas estimadas: 4; Prioridad tecnica: 10; Prioridad de negocio: 2; Prioridad general: 5.2	3	51	40
62	2022-10-20 16:51:52.929011-03	Modificacion	Proyectos	El proyecto fue iniciado	3	51	\N
63	2022-10-20 16:55:38.864795-03	Modificacion	Sprints	El sprint 'Sprint 1' fue iniciado	3	51	\N
64	2022-10-20 16:56:29.375644-03	Modificacion	Sprints	Al desarrollador 'angel_sebastian' del sprint 'Sprint 1' se le fue asignado los siguientes US: Montaje del ambiente de desarrollo, Montaje del ambiente de produccion	3	51	\N
65	2022-10-20 16:56:31.726928-03	Modificacion	Sprints	Al desarrollador 'miguel' del sprint 'Sprint 1' se le fue asignado los siguientes US: Montaje del IDE	3	51	\N
66	2022-10-21 17:20:08.311297-03	Modificacion	US	El US 'Montaje del ambiente de desarrollo' fue aprobado	3	51	\N
67	2022-10-21 17:23:10.587593-03	Modificacion	US	El US 'Montaje del IDE' fue aprobado	3	51	\N
68	2022-10-24 17:39:20.811361-03	Modificacion	US	El US 'Montaje del ambiente de produccion' fue aprobado	3	51	\N
69	2022-10-24 18:52:56.477352-03	Modificacion	Sprints	El sprint 'Sprint 1' fue finalizado	3	51	\N
70	2022-10-24 18:59:57.272204-03	Modificacion	Sprints	Se ha agregado el User Story: 'Implementacion de SSO' al Sprint Backlog del sprint 'Sprint 2'	3	51	\N
71	2022-10-24 19:00:06.888633-03	Modificacion	Sprints	Se ha agregado el User Story: 'Administrar roles' al Sprint Backlog del sprint 'Sprint 2'	3	51	\N
72	2022-10-24 19:00:15.610866-03	Modificacion	Sprints	Se ha agregado el User Story: 'Administrar permisos' al Sprint Backlog del sprint 'Sprint 2'	3	51	\N
73	2022-10-24 19:00:31.621886-03	Modificacion	Sprints	Se ha agregado el User Story: 'Iniciar Proyecto' al Sprint Backlog del sprint 'Sprint 2'	3	51	\N
74	2022-10-24 19:02:52.085483-03	Modificacion	Sprints	Se ha agregado el User Story: 'Administrar usuarios' al Sprint Backlog del sprint 'Sprint 2'	3	51	\N
75	2022-10-24 19:03:10.375279-03	Modificacion	Sprints	El miembro 'angel_sebastian' fue asignado como Desarrollador en el sprint 'Sprint 2' con una capacidad por dia de 2 horas	3	51	\N
76	2022-10-24 19:03:13.939617-03	Modificacion	Sprints	El miembro 'jose' fue asignado como Desarrollador en el sprint 'Sprint 2' con una capacidad por dia de 2 horas	3	51	\N
77	2022-10-24 19:03:18.291164-03	Modificacion	Sprints	El miembro 'miguel' fue asignado como Desarrollador en el sprint 'Sprint 2' con una capacidad por dia de 2 horas	3	51	\N
78	2022-10-24 19:03:20.887751-03	Modificacion	Sprints	El miembro 'marcelo' fue asignado como Desarrollador en el sprint 'Sprint 2' con una capacidad por dia de 2 horas	3	51	\N
100	2022-10-25 11:34:10-03	Creacion	User Stories	ID: 71; Nombre: Administrar Proyectos; Tipo de US: Tipo Proyecto; Descripcion: US para la visualizacion y creacion de proyectos; Horas estimadas: 5; Prioridad tecnica: 6; Prioridad de negocio: 8; Prioridad general: 7.2	3	51	\N
101	2022-10-25 11:36:48.633074-03	Modificacion	Sprints	Se ha agregado el User Story: 'Administrar Proyectos' al Sprint Backlog del sprint 'Sprint 2'	3	51	\N
102	2022-10-25 11:37:48.01805-03	Modificacion	User Stories	ID: 44; Nombre: Administrar usuarios; Tipo de US: Tipo Usuario; Descripcion: US para la visualizacion, creacion, modificacion y eliminacion de un usuario; Horas estimadas: 5; Prioridad tecnica: 8; Prioridad de negocio: 4; Prioridad general: 5.6	3	51	44
103	2022-10-25 11:37:56.81864-03	Modificacion	User Stories	ID: 42; Nombre: Administrar roles; Tipo de US: Tipo Roles; Descripcion: US para la visualizacion, creacion, modificacion y eliminacion de roles.; Horas estimadas: 5; Prioridad tecnica: 7; Prioridad de negocio: 4; Prioridad general: 5.2	3	51	42
104	2022-10-25 11:38:05.481563-03	Modificacion	User Stories	ID: 41; Nombre: Administrar permisos; Tipo de US: TIpo Permisos; Descripcion: US para la administracion de permisos; Horas estimadas: 5; Prioridad tecnica: 7; Prioridad de negocio: 4; Prioridad general: 5.2	3	51	41
105	2022-10-25 11:42:12.687453-03	Modificacion	Sprints	Al desarrollador 'angel_sebastian' del sprint 'Sprint 2' se le fue asignado los siguientes US: Administrar permisos, Administrar roles	3	51	\N
106	2022-10-25 11:42:35.781164-03	Modificacion	Sprints	Al desarrollador 'jose' del sprint 'Sprint 2' se le fue asignado los siguientes US: Administrar Proyectos, Administrar usuarios	3	51	\N
107	2022-10-25 11:42:39.639074-03	Modificacion	Sprints	Al desarrollador 'miguel' del sprint 'Sprint 2' se le fue asignado los siguientes US: Implementacion de SSO	3	51	\N
108	2022-10-25 11:42:43.14985-03	Modificacion	Sprints	Al desarrollador 'marcelo' del sprint 'Sprint 2' se le fue asignado los siguientes US: Iniciar Proyecto	3	51	\N
109	2022-10-25 11:43:32.060345-03	Modificacion	Sprints	El sprint 'Sprint 2' fue iniciado	3	51	\N
110	2022-10-25 11:52:53.817592-03	Modificacion	US	El US 'Implementacion de SSO' fue aprobado	3	51	\N
111	2022-10-28 12:15:53.688015-03	Modificacion	US	El US 'Administrar permisos' fue aprobado	3	51	\N
112	2022-10-31 12:20:27.264958-03	Modificacion	US	El US 'Administrar roles' fue aprobado	3	51	\N
113	2022-10-31 12:23:52.687117-03	Modificacion	Sprints	Al desarrollador 'miguel' del sprint 'Sprint 2' se le fue asignado los siguientes US: Administrar Proyectos, Implementacion de SSO	3	51	\N
114	2022-10-31 12:25:50.041311-03	Modificacion	US	El US 'Administrar Proyectos' fue aprobado	3	51	\N
115	2022-10-31 12:27:11.839948-03	Modificacion	US	El US 'Administrar usuarios' fue aprobado	3	51	\N
116	2022-10-31 12:29:54.662733-03	Modificacion	US	El US 'Iniciar Proyecto' fue aprobado	3	51	\N
117	2022-10-31 12:30:23.059933-03	Modificacion	Sprints	El sprint 'Sprint 2' fue finalizado	3	51	\N
118	2022-10-31 12:32:31.122586-03	Modificacion	Sprints	El sprint 'Sprint 2' fue finalizado	3	51	\N
119	2022-10-31 12:33:57.497049-03	Modificacion	Sprints	El sprint 'Sprint 2' fue finalizado	3	51	\N
120	2022-12-15 12:55:33.205868-03	Modificacion	Sprints	El sprint 'Sprint 2' fue finalizado	3	51	\N
121	2022-12-15 12:58:18.112274-03	Modificacion	Sprints	El sprint 'Sprint 2' fue finalizado	3	51	\N
124	2022-11-01 13:08:14.995032-03	Modificacion	Sprints	Se ha agregado el User Story: 'Administrar Tipo de US' al Sprint Backlog del sprint 'Sprint 3'	3	51	\N
125	2022-11-01 13:08:20.523654-03	Modificacion	Sprints	Se ha agregado el User Story: 'Priorizacion US' al Sprint Backlog del sprint 'Sprint 3'	3	51	\N
126	2022-11-01 13:11:10.850801-03	Modificacion	Sprints	Se ha agregado el User Story: 'Administrar Sprints' al Sprint Backlog del sprint 'Sprint 3'	3	51	\N
127	2022-11-01 13:11:43.467586-03	Modificacion	Sprints	El miembro 'angel_sebastian' fue asignado como Desarrollador en el sprint 'Sprint 3' con una capacidad por dia de 2 horas	3	51	\N
128	2022-11-01 13:11:46.557574-03	Modificacion	Sprints	El miembro 'jose' fue asignado como Desarrollador en el sprint 'Sprint 3' con una capacidad por dia de 2 horas	3	51	\N
129	2022-11-01 13:11:48.871637-03	Modificacion	Sprints	El miembro 'miguel' fue asignado como Desarrollador en el sprint 'Sprint 3' con una capacidad por dia de 2 horas	3	51	\N
130	2022-11-01 13:11:51.4208-03	Modificacion	Sprints	El miembro 'marcelo' fue asignado como Desarrollador en el sprint 'Sprint 3' con una capacidad por dia de 2 horas	3	51	\N
131	2022-11-01 13:16:03.442351-03	Modificacion	User Stories	ID: 46; Nombre: Administrar Historias de Usuario; Tipo de US: Tipo US; Descripcion: US para la creacion y modificacion de Historias de Usuario; Horas estimadas: 6; Prioridad tecnica: 8; Prioridad de negocio: 5; Prioridad general: 6.2	3	51	46
132	2022-11-01 13:16:13.780203-03	Modificacion	User Stories	ID: 47; Nombre: Product Backlog; Tipo de US: Tipo US; Descripcion: US para la implementacion del Product Backlog; Horas estimadas: 6; Prioridad tecnica: 7; Prioridad de negocio: 5; Prioridad general: 5.800000000000001	3	51	47
133	2022-11-01 13:16:20.782551-03	Modificacion	User Stories	ID: 48; Nombre: Administrar Tipo de US; Tipo de US: Tipo US; Descripcion: US para la visualizacion, creacion, modificacion, eliminacion e importacion del los tipos de US; Horas estimadas: 6; Prioridad tecnica: 7; Prioridad de negocio: 4; Prioridad general: 5.2	3	51	48
134	2022-11-01 13:17:12.648616-03	Modificacion	User Stories	ID: 51; Nombre: Administrar Sprints; Tipo de US: Tipo Sprint; Descripcion: US para la visualizacion, creacion y modificacion de Sprints; Horas estimadas: 6; Prioridad tecnica: 7; Prioridad de negocio: 6; Prioridad general: 6.4	3	51	51
135	2022-11-01 13:18:08.404456-03	Modificacion	Sprints	Se ha agregado el User Story: 'Administracion de flujos' al Sprint Backlog del sprint 'Sprint 3'	3	51	\N
136	2022-11-01 13:18:32.1165-03	Modificacion	Sprints	El sprint 'Sprint 3' fue iniciado	3	51	\N
137	2022-11-01 13:20:37.16779-03	Modificacion	Sprints	Al desarrollador 'angel_sebastian' del sprint 'Sprint 3' se le fue asignado los siguientes US: Administrar Sprints, Priorizacion US	3	51	\N
138	2022-11-01 13:20:45.197277-03	Modificacion	Sprints	Al desarrollador 'miguel' del sprint 'Sprint 3' se le fue asignado los siguientes US: Administrar Historias de Usuario	3	51	\N
139	2022-11-01 13:20:54.569131-03	Modificacion	Sprints	Al desarrollador 'jose' del sprint 'Sprint 3' se le fue asignado los siguientes US: Administrar Tipo de US	3	51	\N
140	2022-11-01 13:21:06.692143-03	Modificacion	Sprints	Al desarrollador 'marcelo' del sprint 'Sprint 3' se le fue asignado los siguientes US: Product Backlog	3	51	\N
141	2022-11-01 13:21:12.549805-03	Modificacion	Sprints	Al desarrollador 'angel_sebastian' del sprint 'Sprint 3' se le fue asignado los siguientes US: Administrar Sprints, Administracion de flujos, Priorizacion US	3	51	\N
142	2022-11-01 13:21:18.606739-03	Modificacion	Sprints	Al desarrollador 'angel_sebastian' del sprint 'Sprint 3' se le fue asignado los siguientes US: Administrar Sprints, Priorizacion US	3	51	\N
143	2022-11-01 13:21:21.209781-03	Modificacion	Sprints	Al desarrollador 'jose' del sprint 'Sprint 3' se le fue asignado los siguientes US: Administrar Tipo de US, Administracion de flujos	3	51	\N
144	2022-11-03 14:11:04.301891-03	Modificacion	US	El US 'Administrar Historias de Usuario' fue aprobado	3	51	\N
145	2022-11-03 14:12:28.680217-03	Modificacion	US	El US 'Administrar Tipo de US' fue aprobado	3	51	\N
146	2022-11-04 14:19:55.204086-03	Modificacion	US	El US 'Priorizacion US' fue aprobado	3	51	\N
147	2022-11-07 14:26:47.412321-03	Modificacion	US	El US 'Administracion de flujos' fue aprobado	3	51	\N
148	2022-11-07 14:27:53.160227-03	Modificacion	US	El US 'Product Backlog' fue aprobado	3	51	\N
149	2022-11-07 14:36:12.229927-03	Modificacion	Sprints	El sprint 'Sprint 3' fue finalizado	3	51	\N
150	2022-11-07 14:45:29.086676-03	Modificacion	Sprints	El miembro 'angel_sebastian' fue asignado como Desarrollador en el sprint 'Sprint 4' con una capacidad por dia de 2 horas	3	51	\N
151	2022-11-07 14:47:25.0083-03	Modificacion	Sprints	Se ha agregado el User Story: 'Administrar Sprints' al Sprint Backlog del sprint 'Sprint 4'	3	51	\N
152	2022-11-07 14:47:46.412479-03	Modificacion	Sprints	Se ha agregado el User Story: 'Sprint Backlog' al Sprint Backlog del sprint 'Sprint 4'	3	51	\N
153	2022-11-07 14:48:05.205948-03	Modificacion	Sprints	Se ha agregado el User Story: 'Visualizacion Kanban' al Sprint Backlog del sprint 'Sprint 4'	3	51	\N
154	2022-11-07 14:48:27.283897-03	Modificacion	Sprints	Se ha agregado el User Story: 'Asignar desarrolladores en Sprint' al Sprint Backlog del sprint 'Sprint 4'	3	51	\N
155	2022-11-07 14:48:35.739516-03	Modificacion	Sprints	Se ha agregado el User Story: 'Calcular capacidad de trabajo' al Sprint Backlog del sprint 'Sprint 4'	3	51	\N
156	2022-11-07 14:49:06.233368-03	Modificacion	Sprints	El miembro 'miguel' fue asignado como Desarrollador en el sprint 'Sprint 4' con una capacidad por dia de 2 horas	3	51	\N
157	2022-11-07 14:49:12.564487-03	Modificacion	Sprints	El miembro 'jose' fue asignado como Desarrollador en el sprint 'Sprint 4' con una capacidad por dia de 2 horas	3	51	\N
158	2022-11-07 14:49:41.235677-03	Modificacion	User Stories	ID: 54; Nombre: Sprint Backlog; Tipo de US: Tipo Sprint; Descripcion: US para la implementacion del Sprint Backlog; Horas estimadas: 5; Prioridad tecnica: 4; Prioridad de negocio: 5; Prioridad general: 4.6	3	51	54
159	2022-11-07 14:49:59.256688-03	Modificacion	User Stories	ID: 52; Nombre: Asignar desarrolladores en Sprint; Tipo de US: Tipo Sprint; Descripcion: US para la asignacion de desarrolladores en un Sprint; Horas estimadas: 3; Prioridad tecnica: 6; Prioridad de negocio: 5; Prioridad general: 5.4	3	51	52
160	2022-11-07 14:50:41.004539-03	Modificacion	User Stories	ID: 55; Nombre: Visualizacion Kanban; Tipo de US: Tipo Tablero; Descripcion: US para la implementacion de tableros Kanban; Horas estimadas: 5; Prioridad tecnica: 4; Prioridad de negocio: 7; Prioridad general: 5.800000000000001	3	51	55
161	2022-11-07 14:50:50.469141-03	Modificacion	User Stories	ID: 53; Nombre: Calcular capacidad de trabajo; Tipo de US: Tipo Sprint; Descripcion: US para la implementacion del calculo de capacidad de trabajo de todos los desarrolladores en un Sprint; Horas estimadas: 5; Prioridad tecnica: 5; Prioridad de negocio: 5; Prioridad general: 5.0	3	51	53
162	2022-11-07 14:51:21.847286-03	Modificacion	Sprints	Al desarrollador 'angel_sebastian' del sprint 'Sprint 4' se le fue asignado los siguientes US: Administrar Sprints, Visualizacion Kanban	3	51	\N
163	2022-11-07 14:51:31.795254-03	Modificacion	Sprints	Al desarrollador 'miguel' del sprint 'Sprint 4' se le fue asignado los siguientes US: Asignar desarrolladores en Sprint, Sprint Backlog	3	51	\N
164	2022-11-07 14:51:39.785118-03	Modificacion	Sprints	Al desarrollador 'jose' del sprint 'Sprint 4' se le fue asignado los siguientes US: Calcular capacidad de trabajo	3	51	\N
165	2022-11-28 16:01:24.330004-03	Modificacion	Sprints	El sprint 'Sprint 4' fue iniciado	3	51	\N
166	2022-11-28 16:15:11.772446-03	Modificacion	US	El US 'Administrar Sprints' fue aprobado	3	51	\N
167	2022-11-30 16:37:23.776532-03	Modificacion	US	El US 'Sprint Backlog' fue aprobado	3	51	\N
168	2022-12-01 16:43:21.040225-03	Modificacion	US	El US 'Visualizacion Kanban' fue aprobado	3	51	\N
169	2022-12-01 16:45:35.344374-03	Modificacion	US	El US 'Asignar desarrolladores en Sprint' fue aprobado	3	51	\N
170	2022-12-01 16:46:09.642581-03	Modificacion	Sprints	Al desarrollador 'angel_sebastian' del sprint 'Sprint 4' se le fue asignado los siguientes US: Administrar Sprints, Visualizacion Kanban, Calcular capacidad de trabajo	3	51	\N
171	2022-12-01 16:48:45.851309-03	Modificacion	US	El US 'Calcular capacidad de trabajo' fue aprobado	3	51	\N
172	2022-12-01 16:49:28.115993-03	Modificacion	Sprints	El sprint 'Sprint 4' fue finalizado	3	51	\N
173	2022-12-02 17:03:15.819969-03	Modificacion	Sprints	El miembro 'angel_sebastian' fue asignado como Desarrollador en el sprint 'Sprint 5' con una capacidad por dia de 2 horas	3	51	\N
174	2022-12-02 17:03:29.641667-03	Modificacion	Sprints	El miembro 'jose' fue asignado como Desarrollador en el sprint 'Sprint 5' con una capacidad por dia de 2 horas	3	51	\N
175	2022-12-02 17:03:51.709426-03	Modificacion	Sprints	Se ha agregado el User Story: 'Registros de actividades' al Sprint Backlog del sprint 'Sprint 5'	3	51	\N
176	2022-12-02 17:03:54.593248-03	Modificacion	Sprints	Se ha agregado el User Story: 'Actividades secuenciales' al Sprint Backlog del sprint 'Sprint 5'	3	51	\N
177	2022-12-02 17:03:57.19871-03	Modificacion	Sprints	Se ha agregado el User Story: 'Cambios de estados' al Sprint Backlog del sprint 'Sprint 5'	3	51	\N
178	2022-12-02 17:04:07.306633-03	Modificacion	Sprints	Se ha agregado el User Story: 'Cambio de desarrolladores' al Sprint Backlog del sprint 'Sprint 5'	3	51	\N
179	2022-12-02 17:10:05.655269-03	Modificacion	User Stories	ID: 56; Nombre: Actividades secuenciales; Tipo de US: Tipo Tablero; Descripcion: US para la implementacion de actividades secuenciales (Mover un US de un campo a otro en un tablero Kanban); Horas estimadas: 4; Prioridad tecnica: 4; Prioridad de negocio: 7; Prioridad general: 5.800000000000001	3	51	56
180	2022-12-02 17:10:17.021535-03	Modificacion	User Stories	ID: 57; Nombre: Cambio de desarrolladores; Tipo de US: Tipo Sprint; Descripcion: US para la implementacion de cambio de desarrolladores en un Sprint; Horas estimadas: 4; Prioridad tecnica: 3; Prioridad de negocio: 3; Prioridad general: 3.0	3	51	57
181	2022-12-02 17:10:43.791881-03	Modificacion	User Stories	ID: 56; Nombre: Actividades secuenciales; Tipo de US: Tipo Tablero; Descripcion: US para la implementacion de actividades secuenciales (Mover un US de un campo a otro en un tablero Kanban); Horas estimadas: 5; Prioridad tecnica: 4; Prioridad de negocio: 7; Prioridad general: 5.800000000000001	3	51	56
182	2022-12-02 17:11:05.266433-03	Modificacion	User Stories	ID: 57; Nombre: Cambio de desarrolladores; Tipo de US: Tipo Sprint; Descripcion: US para la implementacion de cambio de desarrolladores en un Sprint; Horas estimadas: 5; Prioridad tecnica: 3; Prioridad de negocio: 3; Prioridad general: 3.0	3	51	57
183	2022-12-02 17:11:15.999354-03	Modificacion	User Stories	ID: 58; Nombre: Registros de actividades; Tipo de US: Tipo Tablero; Descripcion: US para la implementacion de registros de actividades/tareas; Horas estimadas: 5; Prioridad tecnica: 6; Prioridad de negocio: 6; Prioridad general: 6.0	3	51	58
184	2022-12-02 17:11:22.048337-03	Modificacion	User Stories	ID: 59; Nombre: Cambios de estados; Tipo de US: Tipo Tablero; Descripcion: US para la implementacion de cambios de estados de un US dentro de un tablero Kanban.; Horas estimadas: 5; Prioridad tecnica: 5; Prioridad de negocio: 5; Prioridad general: 5.0	3	51	59
185	2022-12-02 17:11:47.606678-03	Modificacion	Sprints	Al desarrollador 'angel_sebastian' del sprint 'Sprint 5' se le fue asignado los siguientes US: Actividades secuenciales, Cambios de estados	3	51	\N
186	2022-12-02 17:11:51.262122-03	Modificacion	Sprints	Al desarrollador 'jose' del sprint 'Sprint 5' se le fue asignado los siguientes US: Registros de actividades, Cambio de desarrolladores	3	51	\N
187	2022-12-05 17:12:09.308032-03	Modificacion	Sprints	El sprint 'Sprint 5' fue iniciado	3	51	\N
188	2022-12-07 17:19:25.628009-03	Modificacion	US	El US 'Cambio de desarrolladores' fue aprobado	3	51	\N
189	2022-12-08 17:20:49.333852-03	Modificacion	US	El US 'Actividades secuenciales' fue aprobado	3	51	\N
190	2022-12-09 17:23:14.426005-03	Modificacion	US	El US 'Cambios de estados' fue aprobado	3	51	\N
191	2022-12-09 17:24:16.265287-03	Modificacion	US	El US 'Registros de actividades' fue aprobado	3	51	\N
192	2022-12-09 17:25:02.498267-03	Modificacion	Sprints	El sprint 'Sprint 5' fue finalizado	3	51	\N
193	2022-12-09 17:28:05.970889-03	Modificacion	Sprints	Se ha agregado el User Story: 'Burndown Chart' al Sprint Backlog del sprint 'Sprint 6'	3	51	\N
194	2022-12-09 17:28:07.948911-03	Modificacion	Sprints	Se ha agregado el User Story: 'Historial de modificaciones' al Sprint Backlog del sprint 'Sprint 6'	3	51	\N
195	2022-12-09 17:28:10.344942-03	Modificacion	Sprints	Se ha agregado el User Story: 'Notificaciones' al Sprint Backlog del sprint 'Sprint 6'	3	51	\N
196	2022-12-09 17:28:12.249851-03	Modificacion	Sprints	Se ha agregado el User Story: 'Cerrar proyecto' al Sprint Backlog del sprint 'Sprint 6'	3	51	\N
197	2022-12-09 17:28:26.762374-03	Modificacion	Sprints	El miembro 'angel_sebastian' fue asignado como Desarrollador en el sprint 'Sprint 6' con una capacidad por dia de 2 horas	3	51	\N
198	2022-12-09 17:28:31.035715-03	Modificacion	Sprints	El miembro 'jose' fue asignado como Desarrollador en el sprint 'Sprint 6' con una capacidad por dia de 2 horas	3	51	\N
199	2022-12-09 17:28:46.871286-03	Modificacion	Sprints	El miembro 'miguel' fue asignado como Desarrollador en el sprint 'Sprint 6' con una capacidad por dia de 2 horas	3	51	\N
200	2022-12-09 17:28:49.654841-03	Modificacion	Sprints	El miembro 'marcelo' fue asignado como Desarrollador en el sprint 'Sprint 6' con una capacidad por dia de 2 horas	3	51	\N
201	2022-12-09 17:28:59.20645-03	Modificacion	Sprints	La capacidad por dia del Desarrollador 'miguel' del sprint 'Sprint 6' ahora es de 1 horas	3	51	\N
202	2022-12-09 17:29:06.616071-03	Modificacion	Sprints	La capacidad por dia del Desarrollador 'marcelo' del sprint 'Sprint 6' ahora es de 1 horas	3	51	\N
203	2022-12-09 17:29:46.593151-03	Modificacion	User Stories	ID: 61; Nombre: Cerrar proyecto; Tipo de US: Tipo Proyecto; Descripcion: US para la implementacion de cerrar proyecto; Horas estimadas: 2; Prioridad tecnica: 1; Prioridad de negocio: 1; Prioridad general: 1.0	3	51	61
204	2022-12-09 17:29:58.406137-03	Modificacion	User Stories	ID: 62; Nombre: Historial de modificaciones; Tipo de US: Tipo Proyecto; Descripcion: US para la implementacion de historial de notificaciones; Horas estimadas: 5; Prioridad tecnica: 3; Prioridad de negocio: 3; Prioridad general: 3.0	3	51	62
205	2022-12-09 17:30:10.63183-03	Modificacion	User Stories	ID: 63; Nombre: Burndown Chart; Tipo de US: Tipo Proyecto; Descripcion: US para la implementacion del Burndown Chart; Horas estimadas: 8; Prioridad tecnica: 6; Prioridad de negocio: 5; Prioridad general: 5.4	3	51	63
206	2022-12-09 17:30:36.883032-03	Modificacion	User Stories	ID: 60; Nombre: Notificaciones; Tipo de US: Tipo Proyecto; Descripcion: US para la implementacion de Notificaciones; Horas estimadas: 6; Prioridad tecnica: 2; Prioridad de negocio: 2; Prioridad general: 2.0	3	51	60
207	2022-12-12 17:31:35.235898-03	Modificacion	Sprints	El sprint 'Sprint 6' fue iniciado	3	51	\N
208	2022-12-12 17:33:28.189501-03	Modificacion	Sprints	Al desarrollador 'angel_sebastian' del sprint 'Sprint 6' se le fue asignado los siguientes US: Burndown Chart	3	51	\N
209	2022-12-12 17:33:31.02679-03	Modificacion	Sprints	Al desarrollador 'jose' del sprint 'Sprint 6' se le fue asignado los siguientes US: Notificaciones	3	51	\N
210	2022-12-12 17:33:34.735394-03	Modificacion	Sprints	Al desarrollador 'miguel' del sprint 'Sprint 6' se le fue asignado los siguientes US: Cerrar proyecto	3	51	\N
211	2022-12-12 17:33:41.259828-03	Modificacion	Sprints	Al desarrollador 'marcelo' del sprint 'Sprint 6' se le fue asignado los siguientes US: Historial de modificaciones	3	51	\N
212	2022-12-15 18:33:32.906367-03	Modificacion	US	El US 'Notificaciones' fue aprobado	3	51	\N
213	2022-12-15 18:35:36.886084-03	Modificacion	Sprints	Al desarrollador 'angel_sebastian' del sprint 'Sprint 6' se le fue asignado los siguientes US: Burndown Chart, Historial de modificaciones	3	51	\N
214	2022-12-15 18:36:22.163798-03	Modificacion	US	El US 'Historial de modificaciones' fue aprobado	3	51	\N
215	2022-12-15 18:37:55.599201-03	Modificacion	US	El US 'Cerrar proyecto' fue aprobado	3	51	\N
\.


--
-- Data for Name: proyectos_miembro; Type: TABLE DATA; Schema: public; Owner: postgres
--

COPY public.proyectos_miembro (id, proyecto_id, usuario_id) FROM stdin;
128	48	3
133	50	3
134	50	10
135	51	3
136	51	14
137	51	15
138	51	16
\.


--
-- Data for Name: proyectos_miembro_rol; Type: TABLE DATA; Schema: public; Owner: postgres
--

COPY public.proyectos_miembro_rol (id, miembro_id, rol_id) FROM stdin;
40	128	72
46	133	78
47	134	79
48	135	80
49	136	81
50	137	81
51	137	82
52	138	81
\.


--
-- Data for Name: proyectos_miembro_userstory; Type: TABLE DATA; Schema: public; Owner: postgres
--

COPY public.proyectos_miembro_userstory (id, miembro_id, userstory_id) FROM stdin;
\.


--
-- Data for Name: proyectos_notificacion; Type: TABLE DATA; Schema: public; Owner: postgres
--

COPY public.proyectos_notificacion (id, fecha, informacion, destinatario_id, visto) FROM stdin;
\.


--
-- Data for Name: proyectos_proyecto; Type: TABLE DATA; Schema: public; Owner: postgres
--

COPY public.proyectos_proyecto (id, nombre, fecha_inicio, fecha_fin, descripcion, estado, story_points) FROM stdin;
48	Mi primer proyecto	\N	\N	Este es mi primer proyecto	Planificacion	0
50	Sistema de Pedidos en Linea	\N	\N	Proyecto para el desarrollo de un sistema de pedidos en linea	Planificacion	0
51	Sistema Gestor de Proyectos	2022-10-20	\N	Proyecto para el desarrollo de un sistema gestor de proyectos agiles	En ejecucion	56
\.


--
-- Data for Name: roles_permiso; Type: TABLE DATA; Schema: public; Owner: postgres
--

COPY public.roles_permiso (id, nombre, es_admin) FROM stdin;
1	Crear Rol	f
3	Modificar Rol	f
4	Eliminar Rol	f
7	Visualizar Roles	f
10	Iniciar Proyecto	f
11	Finalizar Proyecto	f
12	Cancelar Proyecto	f
13	Asignar Miembros	f
14	Desasignar Miembros	f
23	Gestionar Roles De Un Usuario	f
2	Crear Permiso	t
5	Visualizar Usuarios	t
6	Visualizar Permisos	t
22	Gestionar Usuarios	t
9	Crear Proyecto	t
24	Visualizar US	f
25	Modificar US	f
26	Crear US	f
27	Visualizar Tipo US	f
28	Crear Tipo US	f
29	Modificar Tipo US	f
30	Eliminar Tipo US	f
31	Importar Tipo US	f
32	Visualizar Sprints	f
33	Crear Sprint	f
34	Visualizar Sprint Backlog	f
35	Agregar US Al Sprint Backlog	f
36	Quitar US Del Sprint Backlog	f
37	Aprobar US	f
38	Visualizar Tablero	f
39	Asignar US A Usuario	f
40	Iniciar Sprint	f
41	Finalizar Sprint	f
42	Cancelar Sprint	f
43	Adjuntar Notas	f
44	Asignar Desarrolladores	f
45	Modificar Capacidad Por Dia	f
\.


--
-- Data for Name: roles_rol; Type: TABLE DATA; Schema: public; Owner: postgres
--

COPY public.roles_rol (id, nombre, descripcion, proyecto_id) FROM stdin;
11	sfasf	afsdfa	\N
2	Scrum Master	Rol de Scrum Master	\N
3	Developers	Rol de Developers	\N
1	Administrador	Rol de Administrador	\N
73	Developer	Rol de Developer	48
79	Developer	Rol de Developer	50
72	Scrum Master	Rol de Scrum Master	48
78	Scrum Master	Rol de Scrum Master	50
81	Developer	Rol de Developer	51
82	Gestor de roles	Rol que tiene los permisos de gestion de roles	51
80	Scrum Master	Rol de Scrum Master	51
\.


--
-- Data for Name: roles_rol_permiso; Type: TABLE DATA; Schema: public; Owner: postgres
--

COPY public.roles_rol_permiso (id, rol_id, permiso_id) FROM stdin;
507	72	1
2	1	2
508	72	3
509	72	4
5	1	5
6	1	6
510	72	7
511	72	10
512	72	11
513	72	12
514	72	13
515	72	14
516	72	23
517	72	24
518	72	25
519	72	26
17	1	9
18	2	10
19	2	11
20	2	12
520	72	27
22	2	14
521	72	28
522	72	29
523	72	30
524	72	31
525	72	32
526	72	33
527	72	34
528	72	35
529	72	36
530	72	37
531	72	38
532	72	39
533	72	40
534	72	41
535	72	42
536	72	44
537	73	32
538	73	34
539	73	38
540	73	7
541	73	24
542	73	25
543	73	26
544	73	27
545	73	28
546	73	29
547	73	30
548	73	31
70	3	10
78	1	22
85	11	9
86	11	10
87	11	11
94	2	1
95	2	3
96	2	4
97	2	7
99	2	13
102	1	23
104	2	23
599	72	43
600	78	1
601	78	3
602	78	4
603	78	7
604	78	10
605	78	11
606	78	12
607	78	13
608	78	14
609	78	23
610	78	24
611	78	25
612	78	26
613	78	27
614	78	28
615	78	29
616	78	30
617	78	31
618	78	32
619	78	33
620	78	34
621	78	35
622	78	36
623	78	37
624	78	38
625	78	39
626	78	40
627	78	41
628	78	42
629	78	43
630	78	44
631	79	32
632	79	34
633	79	38
634	79	7
635	79	24
636	79	25
637	79	26
638	79	27
639	79	28
640	79	29
641	79	30
642	79	31
643	72	45
645	78	45
646	80	1
647	80	3
648	80	4
649	80	7
650	80	10
651	80	11
652	80	12
653	80	13
654	80	14
655	80	23
656	80	24
657	80	25
658	80	26
659	80	27
660	80	28
661	80	29
662	80	30
663	80	31
664	80	32
665	80	33
666	80	34
667	80	35
668	80	36
669	80	37
670	80	38
671	80	39
672	80	40
673	80	41
674	80	42
675	80	43
676	80	44
677	81	32
678	81	34
679	81	38
680	81	7
681	81	24
682	81	25
683	81	26
684	81	27
685	81	28
686	81	29
687	81	30
688	81	31
689	82	1
690	82	3
691	82	4
692	82	7
693	80	45
\.


--
-- Data for Name: socialaccount_socialaccount; Type: TABLE DATA; Schema: public; Owner: postgres
--

COPY public.socialaccount_socialaccount (id, provider, uid, last_login, date_joined, extra_data, user_id) FROM stdin;
1	google	103005632180463951929	2022-12-14 16:29:22.92126-03	2022-09-08 22:38:55.425056-04	{"id": "103005632180463951929", "name": "Angel Sebastian Ferreira Caballero", "given_name": "Angel Sebastian", "family_name": "Ferreira Caballero", "picture": "https://lh3.googleusercontent.com/a/AEdFTp7Dgq7NuC_gcSJ8hCl7LzhlxAzLq24Bk_KzJQ9e=s96-c", "locale": "es"}	3
\.


--
-- Data for Name: socialaccount_socialapp; Type: TABLE DATA; Schema: public; Owner: postgres
--

COPY public.socialaccount_socialapp (id, provider, name, client_id, secret, key) FROM stdin;
1	google	Autenticacion Grupo 6	681523193097-8garffrnhdml6b24857v0btbc0qsp5fq.apps.googleusercontent.com	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	
\.


--
-- Data for Name: socialaccount_socialapp_sites; Type: TABLE DATA; Schema: public; Owner: postgres
--

COPY public.socialaccount_socialapp_sites (id, socialapp_id, site_id) FROM stdin;
1	1	1
\.


--
-- Data for Name: socialaccount_socialtoken; Type: TABLE DATA; Schema: public; Owner: postgres
--

COPY public.socialaccount_socialtoken (id, token, token_secret, expires_at, account_id, app_id) FROM stdin;
\.


--
-- Data for Name: sprints_desarrollador; Type: TABLE DATA; Schema: public; Owner: postgres
--

COPY public.sprints_desarrollador (id, capacidad_por_dia, miembro_id, sprint_id, capacidad_total) FROM stdin;
27	3	135	60	9
28	2	137	60	6
29	2	135	61	10
30	2	136	61	10
32	2	138	61	10
31	2	137	61	10
61	2	137	92	10
62	2	138	92	10
59	2	135	92	10
60	2	136	92	10
64	2	137	93	10
65	2	136	93	10
63	2	135	93	10
66	2	135	94	10
67	2	136	94	10
69	2	136	95	10
70	1	137	95	5
71	1	138	95	5
68	2	135	95	10
\.


--
-- Data for Name: sprints_desarrollador_userstory; Type: TABLE DATA; Schema: public; Owner: postgres
--

COPY public.sprints_desarrollador_userstory (id, desarrollador_id, userstory_id) FROM stdin;
21	27	40
22	27	39
23	28	38
54	29	41
55	29	42
56	30	44
57	30	71
58	31	43
59	32	45
60	31	71
61	59	50
62	59	51
63	61	46
64	60	48
65	62	47
67	60	49
68	63	51
69	63	55
70	64	52
71	64	54
72	65	53
73	63	53
74	66	56
75	66	59
76	67	57
77	67	58
78	68	63
79	69	60
80	70	61
81	71	62
82	68	62
\.


--
-- Data for Name: sprints_sprint; Type: TABLE DATA; Schema: public; Owner: postgres
--

COPY public.sprints_sprint (id, nombre, descripcion, duracion, capacidad, estado, proyecto_id, fecha_fin, fecha_inicio, story_points, horas_aprobadas, story_points_iniciales) FROM stdin;
60	Sprint 1	Sprint inicial donde se implementa el ambiente de desarrollo y produccion del sistema	3	15	Finalizado	51	2022-10-24	2022-10-20	44	12	12
61	Sprint 2	Sprint en donde se realiza la definicion de permisos, roles y configuraciones del sistema, junto con una implementacion SSO, definicion y configuracion del proyecto.	5	40	Finalizado	51	2022-10-31	2022-10-25	34	23	23
92	Sprint 3	Sprint para la implementacion de las historias de usuario, Product Backlog y priorizacion US	5	40	Finalizado	51	2022-11-07	2022-11-01	28	21	27
93	Sprint 4	Sprint para continuar con el desarrollo de la aplicacion de los Sprints, el Sprint Backlog, desarrolladores y flujo Kanban	5	30	Finalizado	51	2022-12-01	2022-11-28	14	24	20
94	Sprint 5	Sprint para el desarrollo de actividades secuenciales, registros de actividades, cambios de estado y reasignacion de US a un desarrollador	5	20	Finalizado	51	2022-12-09	2022-12-05	7	20	20
95	Sprint 6	Sprint para el desarrollo de notificaciones, historial de modificaciones, Burndown Chart y cerrar proyecto	5	30	En ejecucion	51	\N	2022-12-12	0	0	21
\.


--
-- Data for Name: tableros_tablero; Type: TABLE DATA; Schema: public; Owner: postgres
--

COPY public.tableros_tablero (id, campos, tipo_us_id) FROM stdin;
22	Pendiente,campo2,En curso,campo1,Terminado	68
23	Pendiente,En curso,Terminado,campo1,campo2,campo3	69
26	Pendiente,campo1,En curso,campo2,campo3,Terminado	72
27	Pendiente,campo1,En curso,campo2,Terminado	73
28	Pendiente,En curso,campo1,Terminado	74
29	Pendiente,En curso,Terminado	75
30	Pendiente,campo1,campo2,En curso,campo3,campo4,Terminado	76
31	Pendiente,En curso,Terminado	77
32	Pendiente,En curso,campo1,campo2,Terminado	78
33	Pendiente,En curso,campo1,Terminado	79
\.


--
-- Data for Name: tipo_us_miembrotipous; Type: TABLE DATA; Schema: public; Owner: postgres
--

COPY public.tipo_us_miembrotipous (id, proyecto_id, tipo_us_id) FROM stdin;
68	50	66
69	50	67
72	51	70
73	51	71
74	51	72
75	51	73
76	51	74
77	51	75
78	51	76
79	51	77
\.


--
-- Data for Name: tipo_us_tipo_us; Type: TABLE DATA; Schema: public; Owner: postgres
--

COPY public.tipo_us_tipo_us (id, nombre, fecha_creacion, descripcion, campos) FROM stdin;
63	TIpo Testing	\N	Tipo de US para testeo	campo1,campo2,campo3
64	Tipo Roles	\N	Tipo de US para la gestion de roles	campo1,campo2
65	Tipo Proyecto	\N	Tipo de US para la gestion de proyectos	campo1
66	Tipo Menu	\N	Tipo de US para el desarrollo de menus	campo1,campo2
67	Tipo Productos	\N	Tipo de US para la gestion de productos	campo1,campo2,campo3
68	Tipo US	\N	Tipo de US para los User Stories	campo1,campo2
69	Tipo Sprint	\N	Tipo de US para el desarrollo de Sprints	campo1,campo2,campo3,campo4
70	Tipo Testing	\N	Tipo de US para pruebas	campo1,campo2,campo3
71	Tipo Roles	\N	Tipo de US para la gestion de roles	campo1,campo2
72	Tipo Proyecto	\N	Tipo de US para la gestion de proyectos	campo1
73	Tipo US	\N	Tipo de US para los User Stories	
74	Tipo Sprint	\N	Tipo de US para el desarrollo de Sprints	campo1,campo2,campo3,campo4
75	TIpo Permisos	\N	Tipo de US para el desarrollo de permisos	
76	Tipo Tablero	\N	Tipo de US para el desarrollo de tableros Kanban	campo1,campo2
77	Tipo Usuario	\N	Tipo de US para la gestion de usuarios	campo1
\.


--
-- Data for Name: userstory_nota; Type: TABLE DATA; Schema: public; Owner: postgres
--

COPY public.userstory_nota (id, fecha, mensaje, creador_id, userstory_id) FROM stdin;
19	2022-10-20 17:00:13.233235-03	El US ahora esta en curso	135	39
20	2022-10-21 17:18:40.42083-03	US terminado	135	39
21	2022-10-21 17:21:13.572887-03	US en curso	135	40
22	2022-10-24 17:29:19-03	US aprobado	135	38
23	2022-10-24 17:39:17.126617-03	US aprobado	135	40
52	2022-10-25 11:45:42.458711-03	US en curso	135	42
53	2022-10-25 11:48:43.413111-03	US en curso	136	71
54	2022-10-25 11:51:48.218411-03	US terminado	137	43
55	2022-10-25 11:52:30.088331-03	US aprobado	135	43
56	2022-10-26 12:00:02.751885-03	US en curso	135	41
57	2022-10-26 12:02:04.103497-03	US en curso	136	44
58	2022-10-28 12:15:35.032531-03	US terminado	135	41
59	2022-10-31 12:20:13.290416-03	US terminado	135	42
60	2022-10-31 12:22:11.217262-03	US terminado	136	44
61	2022-10-31 12:24:48.593714-03	US terminado	137	71
62	2022-10-31 12:25:32.630938-03	US aprobado	135	71
63	2022-10-31 12:27:06.273999-03	US aprobado	135	44
64	2022-10-31 12:28:53.596573-03	US terminado	138	45
65	2022-10-31 12:29:49.028307-03	US aprobado	135	45
66	2022-11-01 13:39:43.026749-03	US en curso	136	48
67	2022-11-01 13:42:20.370653-03	US en curso	137	46
68	2022-11-02 13:44:24.649714-03	US en curso	135	51
69	2022-11-03 14:02:35.613965-03	US terminado	137	46
70	2022-11-03 14:08:00.212903-03	US aprobado	135	46
71	2022-11-03 14:12:07.915747-03	US terminado	136	48
72	2022-11-03 14:12:26.26959-03	US aprobado	135	48
73	2022-11-03 14:13:33.460858-03	US en curso	138	47
74	2022-11-04 14:19:36.459513-03	US terminado	135	50
75	2022-11-04 14:23:17.355899-03	US en curso	136	49
76	2022-11-07 14:25:12.362266-03	US terminado	136	49
77	2022-11-07 14:26:35.137794-03	US aprobado	135	49
78	2022-11-07 14:27:35.610501-03	US terminado	138	47
79	2022-11-07 14:27:51.923761-03	US aprobado	135	47
80	2022-11-28 16:14:34.618863-03	US terminado	135	51
81	2022-11-28 16:25:47.505911-03	US en curso	137	54
82	2022-11-29 16:27:00.50208-03	US en curso	135	55
83	2022-11-30 16:36:48.256557-03	US terminado	137	54
84	2022-11-30 16:37:18.631438-03	US aprobado	135	54
85	2022-11-30 16:38:49.106161-03	US en curso	137	52
86	2022-11-30 16:40:59.466961-03	US en curso	136	53
87	2022-12-01 16:43:07.109221-03	US terminado	135	55
88	2022-12-01 16:44:43.427442-03	US terminado	137	52
89	2022-12-01 16:45:30.472423-03	US aprobado	135	52
90	2022-12-01 16:46:43.578753-03	US terminado	135	53
91	2022-12-01 16:48:32.259185-03	US terminado	136	53
92	2022-12-01 16:48:43.643645-03	US aprobado	135	53
93	2022-12-05 17:14:18.18899-03	US en curso	135	56
94	2022-12-05 17:15:30.254512-03	US en curso	136	57
95	2022-12-06 17:16:35.478132-03	US en curso	135	59
96	2022-12-07 17:19:00.962636-03	US terminado	136	57
97	2022-12-07 17:20:16.537968-03	US en curso	136	58
98	2022-12-08 17:20:42.970536-03	US terminado	135	56
99	2022-12-09 17:22:59.009419-03	US terminado	135	59
100	2022-12-09 17:23:54.153723-03	US terminado	136	58
101	2022-12-09 17:24:11.25069-03	US aprobado	135	58
102	2022-12-12 18:09:14.494749-03	US en curso	135	63
103	2022-12-12 18:14:43.925403-03	US en curso	138	62
104	2022-12-12 18:15:40.113019-03	US en curso	136	60
105	2022-12-14 18:21:13.671465-03	US en curso	137	61
106	2022-12-15 18:33:00.451152-03	US terminado	136	60
107	2022-12-15 18:33:30.617623-03	US aprobado	135	60
108	2022-12-15 18:36:01.066159-03	US terminado	135	62
109	2022-12-15 18:37:21.954578-03	US terminado	137	61
110	2022-12-15 18:37:47.923131-03	US aprobado	135	61
\.


--
-- Data for Name: userstory_tarea; Type: TABLE DATA; Schema: public; Owner: postgres
--

COPY public.userstory_tarea (id, horas_trabajadas, mensaje, creador_id, userstory_id, fecha) FROM stdin;
18	3	Tarea 1	135	39	2022-10-20 16:59:34.014013-03
19	1	Tarea 2	135	39	2022-10-21 17:18:27.055875-03
20	2	Tarea 1	135	40	2022-10-21 17:20:46.49113-03
21	2	Tarea 1	137	38	2022-10-21 17:22:07-03
22	2	Tarea 2	135	40	2022-10-24 17:24:18.91411-03
23	2	Tarea 2	137	38	2022-10-24 17:29:00-03
51	2	Tarea 1	135	42	2022-10-25 11:45:06.76692-03
52	2	Tarea 1	136	71	2022-10-25 11:48:36.611411-03
53	1	Tarea 1	137	43	2022-10-25 11:51:25.755553-03
54	1	Tarea 2	137	43	2022-10-25 11:51:38.680746-03
55	2	Tarea 1	135	41	2022-10-26 11:59:55.518578-03
56	2	Tarea 1	136	44	2022-10-26 12:01:50.8596-03
57	2	Tarea 2	135	41	2022-10-27 12:11:47.363947-03
58	2	Tarea 2	136	44	2022-10-27 12:13:17.490416-03
59	1	Tarea 3	135	41	2022-10-28 12:14:32-03
60	1	Tarea 2	135	42	2022-10-28 12:16:49.719435-03
61	2	Tarea 3	135	42	2022-10-31 12:20:02.305146-03
62	1	Tarea 3	136	44	2022-10-31 12:22:03.367266-03
63	1	Tarea 2	136	71	2022-10-31 12:23:23.433258-03
64	2	Tarea 3	137	71	2022-10-31 12:24:40.040572-03
65	1	Tarea 1	138	45	2022-10-31 12:28:25.47691-03
66	2	Tarea 1	136	48	2022-11-01 13:39:34.338792-03
67	2	Tarea 1	137	46	2022-11-01 13:42:14.328341-03
68	2	Tarea 1	135	51	2022-11-02 13:44:06.031102-03
69	2	Tarea 2	137	46	2022-11-02 13:44:56.775683-03
70	2	Tarea 2	136	48	2022-11-02 13:46:23.135587-03
71	2	Tarea 2	135	51	2022-11-03 14:02:12.383963-03
72	2	Tarea 2	137	46	2022-11-03 14:02:27.499163-03
73	2	Tarea 3	136	48	2022-11-03 14:11:58.002873-03
74	2	Tarea 2	138	47	2022-11-03 14:13:24.173307-03
75	1	Tarea 1	135	50	2022-11-04 14:19:29.868845-03
76	2	Tarea 3	138	47	2022-11-04 14:21:33.746996-03
77	1	Tarea 1	136	49	2022-11-04 14:23:11.4973-03
78	1	Tarea 1	136	49	2022-11-07 14:25:03.324822-03
79	2	Tarea 3	138	47	2022-11-07 14:27:29.356753-03
80	2	Tarea 3	135	51	2022-11-28 16:14:21.118178-03
81	2	Tarea 1	137	54	2022-11-28 16:24:55.09961-03
82	2	Tarea 1	135	55	2022-11-29 16:27:08.834898-03
83	2	Tarea 2	137	54	2022-11-29 16:33:11.645769-03
84	2	Tarea 2	135	55	2022-11-30 16:36:02.188528-03
85	1	Tarea 3	137	54	2022-11-30 16:36:39.656683-03
86	1	Tarea 1	137	52	2022-11-30 16:38:57.485809-03
87	2	Tarea 1	136	53	2022-11-30 16:40:51.566937-03
88	1	Tarea 3	135	55	2022-12-01 16:42:56.274223-03
89	2	Tarea 2	137	52	2022-12-01 16:44:34.73951-03
90	1	Tarea 2	135	53	2022-12-01 16:46:35.68707-03
91	2	Tarea 3	136	53	2022-12-01 16:48:23.228286-03
92	2	Tarea 1	135	56	2022-12-05 17:14:25.481009-03
93	2	Tarea 1	136	57	2022-12-05 17:15:36.127607-03
94	2	Tarea 1	135	59	2022-12-06 17:16:45.095974-03
95	2	Tarea 2	136	57	2022-12-06 17:17:11.07469-03
96	1	Tarea 2	135	56	2022-12-07 17:18:24.786009-03
97	1	Tarea 2	135	59	2022-12-07 17:18:36.588328-03
98	1	Tarea 3	136	57	2022-12-07 17:18:56.03774-03
99	1	Tarea 1	136	58	2022-12-07 17:20:22.836155-03
100	2	Tarea 3	135	56	2022-12-08 17:20:36.49323-03
101	2	Tarea 2	136	58	2022-12-08 17:21:07.893596-03
102	2	Tarea 3	135	59	2022-12-09 17:22:52.558103-03
103	2	Tarea 3	136	58	2022-12-09 17:23:48.764523-03
104	2	Tarea 1	135	63	2022-12-12 18:08:23.806708-03
105	1	Tarea 1	138	62	2022-12-12 18:14:33.790617-03
106	2	Tarea 1	136	60	2022-12-12 18:15:32.310376-03
107	2	Tarea 2	135	63	2022-12-13 18:16:36.458137-03
108	2	US en curso	135	63	2022-12-14 18:20:04.126089-03
109	1	Tarea 2	138	62	2022-12-14 18:20:45.52596-03
110	1	Tarea 1	137	61	2022-12-14 18:21:09.456852-03
111	2	Tarea 2	136	60	2022-12-14 18:21:49.217014-03
113	2	Tarea 3	136	60	2022-12-15 18:32:53.711595-03
114	1	Tarea 1	138	62	2022-12-15 18:35:08.364323-03
115	2	Tarea 4	135	62	2022-12-15 18:35:53.026561-03
116	1	Tarea 2	137	61	2022-12-15 18:37:14.383002-03
\.


--
-- Data for Name: userstory_tareaaux; Type: TABLE DATA; Schema: public; Owner: postgres
--

COPY public.userstory_tareaaux (id, fecha, horas_trabajadas, horas_estimadas_diferencia, sprint_id) FROM stdin;
1	2022-11-02 15:19:35-03	2	0	92
2	2022-11-03 15:19:52-03	2	0	92
\.


--
-- Data for Name: userstory_userstory; Type: TABLE DATA; Schema: public; Owner: postgres
--

COPY public.userstory_userstory (id, nombre, descripcion, horas_estimadas, user_point, business_value, autor, aprobado, fecha_creacion, proyecto_id, tipo_us_id, sprint_previo, prioridad, sprint_id, estado, asignado, fecha_modificacion, horas_estimadas_original) FROM stdin;
22	Hacer pedidos	US para la implementacion de hacer pedidos	3	8	9	angel_sebastian	f	2022-11-04	50	68	0	8.60	\N	Pendiente	f	\N	\N
23	Gestionar productos	US para el desarrollo de la gestion de productos	10	7	8	usuario_prueba	f	2022-11-04	50	69	0	7.60	\N	Pendiente	f	\N	\N
45	Iniciar Proyecto	US para la implementacion de un boton para iniciar proyecto	1	6	3	angel_sebastian	t	2022-10-20	51	74	0	4.20	61	Terminado	f	\N	1
40	Montaje del ambiente de produccion	Montaje del ambiente de produccion con Apache	4	10	2	angel_sebastian	t	2022-10-20	51	72	0	5.20	60	Terminado	f	2022-10-20	1
39	Montaje del ambiente de desarrollo	Montaje del ambiente de desarrollo con el servidor de Django	4	10	2	angel_sebastian	t	2022-10-20	51	72	0	5.20	60	Terminado	f	2022-10-20	1
41	Administrar permisos	US para la administracion de permisos	5	7	4	angel_sebastian	t	2022-10-20	51	77	0	5.20	61	Terminado	f	2022-10-25	2
38	Montaje del IDE	Montaje del IDE	4	10	2	angel_sebastian	t	2022-10-20	51	72	0	5.20	60	Terminado	f	2022-10-20	1
43	Implementacion de SSO	US para la implementacion del SSO	2	10	3	angel_sebastian	t	2022-10-20	51	72	0	5.80	61	Terminado	f	\N	2
71	Administrar Proyectos	US para la visualizacion y creacion de proyectos	5	6	8	angel_sebastian	t	2022-10-24	51	74	0	7.20	61	Terminado	f	\N	5
44	Administrar usuarios	US para la visualizacion, creacion, modificacion y eliminacion de un usuario	5	8	4	angel_sebastian	t	2022-10-20	51	79	0	5.60	61	Terminado	f	2022-10-25	2
49	Administracion de flujos	US para ordenar los campos de un tipo de US que reflejen en el tablero Kanban	2	6	3	jose	t	2022-10-20	51	78	0	4.20	92	Terminado	f	\N	2
42	Administrar roles	US para la visualizacion, creacion, modificacion y eliminacion de roles.	5	7	4	angel_sebastian	t	2022-10-20	51	73	0	5.20	61	Terminado	f	2022-10-25	2
46	Administrar Historias de Usuario	US para la creacion y modificacion de Historias de Usuario	6	8	5	jose	t	2022-10-20	51	75	0	6.20	92	Terminado	f	2022-11-01	2
50	Priorizacion US	US para la implementacion de la priorizacion de un US	1	5	3	jose	t	2022-10-20	51	75	0	3.80	92	Terminado	f	\N	1
48	Administrar Tipo de US	US para la visualizacion, creacion, modificacion, eliminacion e importacion del los tipos de US	6	7	4	jose	t	2022-10-20	51	75	0	5.20	92	Terminado	f	2022-11-01	3
47	Product Backlog	US para la implementacion del Product Backlog	6	7	5	jose	t	2022-10-20	51	75	0	5.80	92	Terminado	f	2022-11-01	1
51	Administrar Sprints	US para la visualizacion, creacion y modificacion de Sprints	6	7	6	jose	t	2022-10-20	51	76	3	9.40	93	Terminado	f	2022-11-01	3
52	Asignar desarrolladores en Sprint	US para la asignacion de desarrolladores en un Sprint	3	6	5	jose	t	2022-10-20	51	76	0	5.40	93	Terminado	f	2022-11-07	1
57	Cambio de desarrolladores	US para la implementacion de cambio de desarrolladores en un Sprint	5	3	3	miguel	t	2022-10-20	51	76	0	3.00	94	Terminado	f	2022-12-02	1
54	Sprint Backlog	US para la implementacion del Sprint Backlog	5	4	5	jose	t	2022-10-20	51	76	0	4.60	93	Terminado	f	2022-11-07	2
53	Calcular capacidad de trabajo	US para la implementacion del calculo de capacidad de trabajo de todos los desarrolladores en un Sprint	5	5	5	jose	t	2022-10-20	51	76	0	5.00	93	Terminado	f	2022-11-07	2
55	Visualizacion Kanban	US para la implementacion de tableros Kanban	5	4	7	miguel	t	2022-10-20	51	78	0	5.80	93	Terminado	f	2022-11-07	3
56	Actividades secuenciales	US para la implementacion de actividades secuenciales (Mover un US de un campo a otro en un tablero Kanban)	5	4	7	miguel	t	2022-10-20	51	78	0	5.80	94	Terminado	f	2022-12-02	2
59	Cambios de estados	US para la implementacion de cambios de estados de un US dentro de un tablero Kanban.	5	5	5	miguel	t	2022-10-20	51	78	0	5.00	94	Terminado	f	2022-12-02	2
58	Registros de actividades	US para la implementacion de registros de actividades/tareas	5	6	6	miguel	t	2022-10-20	51	78	0	6.00	94	Terminado	f	2022-12-02	2
61	Cerrar proyecto	US para la implementacion de cerrar proyecto	2	1	1	marcelo	t	2022-10-20	51	74	0	1.00	95	Terminado	f	2022-12-09	1
62	Historial de modificaciones	US para la implementacion de historial de notificaciones	5	3	3	marcelo	t	2022-10-20	51	74	0	3.00	95	Terminado	f	2022-12-09	1
63	Burndown Chart	US para la implementacion del Burndown Chart	8	6	5	marcelo	f	2022-10-20	51	74	0	5.40	95	En curso	f	2022-12-09	4
60	Notificaciones	US para la implementacion de Notificaciones	6	2	2	marcelo	t	2022-10-20	51	74	0	2.00	95	Terminado	f	2022-12-09	1
\.


--
-- Data for Name: usuarios_usuario; Type: TABLE DATA; Schema: public; Owner: postgres
--

COPY public.usuarios_usuario (ci, telefono, fecha_nac, user_id) FROM stdin;
333333	2323342	2022-09-07	2
\N	\N	\N	4
\N	\N	\N	10
\N	\N	\N	3
\N	\N	\N	14
\N	\N	\N	16
\N	\N	\N	15
\N	\N	\N	1
\.


--
-- Data for Name: usuarios_usuario_rol; Type: TABLE DATA; Schema: public; Owner: postgres
--

COPY public.usuarios_usuario_rol (id, usuario_id, rol_id) FROM stdin;
3	1	1
4	2	3
\.


--
-- Name: account_emailaddress_id_seq; Type: SEQUENCE SET; Schema: public; Owner: postgres
--

SELECT pg_catalog.setval('public.account_emailaddress_id_seq', 5, true);


--
-- Name: account_emailconfirmation_id_seq; Type: SEQUENCE SET; Schema: public; Owner: postgres
--

SELECT pg_catalog.setval('public.account_emailconfirmation_id_seq', 1, false);


--
-- Name: auth_group_id_seq; Type: SEQUENCE SET; Schema: public; Owner: postgres
--

SELECT pg_catalog.setval('public.auth_group_id_seq', 1, false);


--
-- Name: auth_group_permissions_id_seq; Type: SEQUENCE SET; Schema: public; Owner: postgres
--

SELECT pg_catalog.setval('public.auth_group_permissions_id_seq', 1, false);


--
-- Name: auth_permission_id_seq; Type: SEQUENCE SET; Schema: public; Owner: postgres
--

SELECT pg_catalog.setval('public.auth_permission_id_seq', 170, true);


--
-- Name: auth_user_groups_id_seq; Type: SEQUENCE SET; Schema: public; Owner: postgres
--

SELECT pg_catalog.setval('public.auth_user_groups_id_seq', 1, false);


--
-- Name: auth_user_id_seq; Type: SEQUENCE SET; Schema: public; Owner: postgres
--

SELECT pg_catalog.setval('public.auth_user_id_seq', 16, true);


--
-- Name: auth_user_user_permissions_id_seq; Type: SEQUENCE SET; Schema: public; Owner: postgres
--

SELECT pg_catalog.setval('public.auth_user_user_permissions_id_seq', 1, false);


--
-- Name: django_admin_log_id_seq; Type: SEQUENCE SET; Schema: public; Owner: postgres
--

SELECT pg_catalog.setval('public.django_admin_log_id_seq', 426, true);


--
-- Name: django_content_type_id_seq; Type: SEQUENCE SET; Schema: public; Owner: postgres
--

SELECT pg_catalog.setval('public.django_content_type_id_seq', 92, true);


--
-- Name: django_migrations_id_seq; Type: SEQUENCE SET; Schema: public; Owner: postgres
--

SELECT pg_catalog.setval('public.django_migrations_id_seq', 179, true);


--
-- Name: django_site_id_seq; Type: SEQUENCE SET; Schema: public; Owner: postgres
--

SELECT pg_catalog.setval('public.django_site_id_seq', 1, true);


--
-- Name: proyectos_historial_id_seq; Type: SEQUENCE SET; Schema: public; Owner: postgres
--

SELECT pg_catalog.setval('public.proyectos_historial_id_seq', 215, true);


--
-- Name: proyectos_miembro_id_seq; Type: SEQUENCE SET; Schema: public; Owner: postgres
--

SELECT pg_catalog.setval('public.proyectos_miembro_id_seq', 167, true);


--
-- Name: proyectos_miembro_rol_id_seq; Type: SEQUENCE SET; Schema: public; Owner: postgres
--

SELECT pg_catalog.setval('public.proyectos_miembro_rol_id_seq', 80, true);


--
-- Name: proyectos_miembro_userstory_id_seq; Type: SEQUENCE SET; Schema: public; Owner: postgres
--

SELECT pg_catalog.setval('public.proyectos_miembro_userstory_id_seq', 16, true);


--
-- Name: proyectos_notificacion_id_seq; Type: SEQUENCE SET; Schema: public; Owner: postgres
--

SELECT pg_catalog.setval('public.proyectos_notificacion_id_seq', 1, false);


--
-- Name: proyectos_proyecto_id_seq; Type: SEQUENCE SET; Schema: public; Owner: postgres
--

SELECT pg_catalog.setval('public.proyectos_proyecto_id_seq', 83, true);


--
-- Name: roles_permission_id_seq; Type: SEQUENCE SET; Schema: public; Owner: postgres
--

SELECT pg_catalog.setval('public.roles_permission_id_seq', 45, true);


--
-- Name: roles_rol_id_seq; Type: SEQUENCE SET; Schema: public; Owner: postgres
--

SELECT pg_catalog.setval('public.roles_rol_id_seq', 112, true);


--
-- Name: roles_rol_permission_id_seq; Type: SEQUENCE SET; Schema: public; Owner: postgres
--

SELECT pg_catalog.setval('public.roles_rol_permission_id_seq', 711, true);


--
-- Name: socialaccount_socialaccount_id_seq; Type: SEQUENCE SET; Schema: public; Owner: postgres
--

SELECT pg_catalog.setval('public.socialaccount_socialaccount_id_seq', 1, true);


--
-- Name: socialaccount_socialapp_id_seq; Type: SEQUENCE SET; Schema: public; Owner: postgres
--

SELECT pg_catalog.setval('public.socialaccount_socialapp_id_seq', 1, true);


--
-- Name: socialaccount_socialapp_sites_id_seq; Type: SEQUENCE SET; Schema: public; Owner: postgres
--

SELECT pg_catalog.setval('public.socialaccount_socialapp_sites_id_seq', 1, true);


--
-- Name: socialaccount_socialtoken_id_seq; Type: SEQUENCE SET; Schema: public; Owner: postgres
--

SELECT pg_catalog.setval('public.socialaccount_socialtoken_id_seq', 1, false);


--
-- Name: sprints_desarrollador_id_seq; Type: SEQUENCE SET; Schema: public; Owner: postgres
--

SELECT pg_catalog.setval('public.sprints_desarrollador_id_seq', 71, true);


--
-- Name: sprints_desarrollador_userstory_id_seq; Type: SEQUENCE SET; Schema: public; Owner: postgres
--

SELECT pg_catalog.setval('public.sprints_desarrollador_userstory_id_seq', 82, true);


--
-- Name: sprints_sprint_id_seq; Type: SEQUENCE SET; Schema: public; Owner: postgres
--

SELECT pg_catalog.setval('public.sprints_sprint_id_seq', 95, true);


--
-- Name: tableros_tablero_id_seq; Type: SEQUENCE SET; Schema: public; Owner: postgres
--

SELECT pg_catalog.setval('public.tableros_tablero_id_seq', 58, true);


--
-- Name: tipo_us_miembrotipous_id_seq; Type: SEQUENCE SET; Schema: public; Owner: postgres
--

SELECT pg_catalog.setval('public.tipo_us_miembrotipous_id_seq', 104, true);


--
-- Name: tipo_us_tipo_us_id_seq; Type: SEQUENCE SET; Schema: public; Owner: postgres
--

SELECT pg_catalog.setval('public.tipo_us_tipo_us_id_seq', 102, true);


--
-- Name: userstory_nota_id_seq; Type: SEQUENCE SET; Schema: public; Owner: postgres
--

SELECT pg_catalog.setval('public.userstory_nota_id_seq', 110, true);


--
-- Name: userstory_tarea_id_seq; Type: SEQUENCE SET; Schema: public; Owner: postgres
--

SELECT pg_catalog.setval('public.userstory_tarea_id_seq', 116, true);


--
-- Name: userstory_tareaaux_id_seq; Type: SEQUENCE SET; Schema: public; Owner: postgres
--

SELECT pg_catalog.setval('public.userstory_tareaaux_id_seq', 2, true);


--
-- Name: userstory_userstory_id_seq; Type: SEQUENCE SET; Schema: public; Owner: postgres
--

SELECT pg_catalog.setval('public.userstory_userstory_id_seq', 71, true);


--
-- Name: usuarios_usuario_rol_id_seq; Type: SEQUENCE SET; Schema: public; Owner: postgres
--

SELECT pg_catalog.setval('public.usuarios_usuario_rol_id_seq', 39, true);


--
-- Name: account_emailaddress account_emailaddress_email_key; Type: CONSTRAINT; Schema: public; Owner: postgres
--

ALTER TABLE ONLY public.account_emailaddress
    ADD CONSTRAINT account_emailaddress_email_key UNIQUE (email);


--
-- Name: account_emailaddress account_emailaddress_pkey; Type: CONSTRAINT; Schema: public; Owner: postgres
--

ALTER TABLE ONLY public.account_emailaddress
    ADD CONSTRAINT account_emailaddress_pkey PRIMARY KEY (id);


--
-- Name: account_emailconfirmation account_emailconfirmation_key_key; Type: CONSTRAINT; Schema: public; Owner: postgres
--

ALTER TABLE ONLY public.account_emailconfirmation
    ADD CONSTRAINT account_emailconfirmation_key_key UNIQUE (key);


--
-- Name: account_emailconfirmation account_emailconfirmation_pkey; Type: CONSTRAINT; Schema: public; Owner: postgres
--

ALTER TABLE ONLY public.account_emailconfirmation
    ADD CONSTRAINT account_emailconfirmation_pkey PRIMARY KEY (id);


--
-- Name: auth_group auth_group_name_key; Type: CONSTRAINT; Schema: public; Owner: postgres
--

ALTER TABLE ONLY public.auth_group
    ADD CONSTRAINT auth_group_name_key UNIQUE (name);


--
-- Name: auth_group_permissions auth_group_permissions_group_id_permission_id_0cd325b0_uniq; Type: CONSTRAINT; Schema: public; Owner: postgres
--

ALTER TABLE ONLY public.auth_group_permissions
    ADD CONSTRAINT auth_group_permissions_group_id_permission_id_0cd325b0_uniq UNIQUE (group_id, permission_id);


--
-- Name: auth_group_permissions auth_group_permissions_pkey; Type: CONSTRAINT; Schema: public; Owner: postgres
--

ALTER TABLE ONLY public.auth_group_permissions
    ADD CONSTRAINT auth_group_permissions_pkey PRIMARY KEY (id);


--
-- Name: auth_group auth_group_pkey; Type: CONSTRAINT; Schema: public; Owner: postgres
--

ALTER TABLE ONLY public.auth_group
    ADD CONSTRAINT auth_group_pkey PRIMARY KEY (id);


--
-- Name: auth_permission auth_permission_content_type_id_codename_01ab375a_uniq; Type: CONSTRAINT; Schema: public; Owner: postgres
--

ALTER TABLE ONLY public.auth_permission
    ADD CONSTRAINT auth_permission_content_type_id_codename_01ab375a_uniq UNIQUE (content_type_id, codename);


--
-- Name: auth_permission auth_permission_pkey; Type: CONSTRAINT; Schema: public; Owner: postgres
--

ALTER TABLE ONLY public.auth_permission
    ADD CONSTRAINT auth_permission_pkey PRIMARY KEY (id);


--
-- Name: auth_user_groups auth_user_groups_pkey; Type: CONSTRAINT; Schema: public; Owner: postgres
--

ALTER TABLE ONLY public.auth_user_groups
    ADD CONSTRAINT auth_user_groups_pkey PRIMARY KEY (id);


--
-- Name: auth_user_groups auth_user_groups_user_id_group_id_94350c0c_uniq; Type: CONSTRAINT; Schema: public; Owner: postgres
--

ALTER TABLE ONLY public.auth_user_groups
    ADD CONSTRAINT auth_user_groups_user_id_group_id_94350c0c_uniq UNIQUE (user_id, group_id);


--
-- Name: auth_user auth_user_pkey; Type: CONSTRAINT; Schema: public; Owner: postgres
--

ALTER TABLE ONLY public.auth_user
    ADD CONSTRAINT auth_user_pkey PRIMARY KEY (id);


--
-- Name: auth_user_user_permissions auth_user_user_permissions_pkey; Type: CONSTRAINT; Schema: public; Owner: postgres
--

ALTER TABLE ONLY public.auth_user_user_permissions
    ADD CONSTRAINT auth_user_user_permissions_pkey PRIMARY KEY (id);


--
-- Name: auth_user_user_permissions auth_user_user_permissions_user_id_permission_id_14a6b632_uniq; Type: CONSTRAINT; Schema: public; Owner: postgres
--

ALTER TABLE ONLY public.auth_user_user_permissions
    ADD CONSTRAINT auth_user_user_permissions_user_id_permission_id_14a6b632_uniq UNIQUE (user_id, permission_id);


--
-- Name: auth_user auth_user_username_key; Type: CONSTRAINT; Schema: public; Owner: postgres
--

ALTER TABLE ONLY public.auth_user
    ADD CONSTRAINT auth_user_username_key UNIQUE (username);


--
-- Name: django_admin_log django_admin_log_pkey; Type: CONSTRAINT; Schema: public; Owner: postgres
--

ALTER TABLE ONLY public.django_admin_log
    ADD CONSTRAINT django_admin_log_pkey PRIMARY KEY (id);


--
-- Name: django_content_type django_content_type_app_label_model_76bd3d3b_uniq; Type: CONSTRAINT; Schema: public; Owner: postgres
--

ALTER TABLE ONLY public.django_content_type
    ADD CONSTRAINT django_content_type_app_label_model_76bd3d3b_uniq UNIQUE (app_label, model);


--
-- Name: django_content_type django_content_type_pkey; Type: CONSTRAINT; Schema: public; Owner: postgres
--

ALTER TABLE ONLY public.django_content_type
    ADD CONSTRAINT django_content_type_pkey PRIMARY KEY (id);


--
-- Name: django_migrations django_migrations_pkey; Type: CONSTRAINT; Schema: public; Owner: postgres
--

ALTER TABLE ONLY public.django_migrations
    ADD CONSTRAINT django_migrations_pkey PRIMARY KEY (id);


--
-- Name: django_session django_session_pkey; Type: CONSTRAINT; Schema: public; Owner: postgres
--

ALTER TABLE ONLY public.django_session
    ADD CONSTRAINT django_session_pkey PRIMARY KEY (session_key);


--
-- Name: django_site django_site_domain_a2e37b91_uniq; Type: CONSTRAINT; Schema: public; Owner: postgres
--

ALTER TABLE ONLY public.django_site
    ADD CONSTRAINT django_site_domain_a2e37b91_uniq UNIQUE (domain);


--
-- Name: django_site django_site_pkey; Type: CONSTRAINT; Schema: public; Owner: postgres
--

ALTER TABLE ONLY public.django_site
    ADD CONSTRAINT django_site_pkey PRIMARY KEY (id);


--
-- Name: proyectos_historial proyectos_historial_pkey; Type: CONSTRAINT; Schema: public; Owner: postgres
--

ALTER TABLE ONLY public.proyectos_historial
    ADD CONSTRAINT proyectos_historial_pkey PRIMARY KEY (id);


--
-- Name: proyectos_miembro proyectos_miembro_pkey; Type: CONSTRAINT; Schema: public; Owner: postgres
--

ALTER TABLE ONLY public.proyectos_miembro
    ADD CONSTRAINT proyectos_miembro_pkey PRIMARY KEY (id);


--
-- Name: proyectos_miembro_rol proyectos_miembro_rol_miembro_id_rol_id_a269b756_uniq; Type: CONSTRAINT; Schema: public; Owner: postgres
--

ALTER TABLE ONLY public.proyectos_miembro_rol
    ADD CONSTRAINT proyectos_miembro_rol_miembro_id_rol_id_a269b756_uniq UNIQUE (miembro_id, rol_id);


--
-- Name: proyectos_miembro_rol proyectos_miembro_rol_pkey; Type: CONSTRAINT; Schema: public; Owner: postgres
--

ALTER TABLE ONLY public.proyectos_miembro_rol
    ADD CONSTRAINT proyectos_miembro_rol_pkey PRIMARY KEY (id);


--
-- Name: proyectos_miembro_userstory proyectos_miembro_userst_miembro_id_userstory_id_7dd23dd3_uniq; Type: CONSTRAINT; Schema: public; Owner: postgres
--

ALTER TABLE ONLY public.proyectos_miembro_userstory
    ADD CONSTRAINT proyectos_miembro_userst_miembro_id_userstory_id_7dd23dd3_uniq UNIQUE (miembro_id, userstory_id);


--
-- Name: proyectos_miembro_userstory proyectos_miembro_userstory_pkey; Type: CONSTRAINT; Schema: public; Owner: postgres
--

ALTER TABLE ONLY public.proyectos_miembro_userstory
    ADD CONSTRAINT proyectos_miembro_userstory_pkey PRIMARY KEY (id);


--
-- Name: proyectos_notificacion proyectos_notificacion_pkey; Type: CONSTRAINT; Schema: public; Owner: postgres
--

ALTER TABLE ONLY public.proyectos_notificacion
    ADD CONSTRAINT proyectos_notificacion_pkey PRIMARY KEY (id);


--
-- Name: proyectos_proyecto proyectos_proyecto_pkey; Type: CONSTRAINT; Schema: public; Owner: postgres
--

ALTER TABLE ONLY public.proyectos_proyecto
    ADD CONSTRAINT proyectos_proyecto_pkey PRIMARY KEY (id);


--
-- Name: roles_permiso roles_permission_pkey; Type: CONSTRAINT; Schema: public; Owner: postgres
--

ALTER TABLE ONLY public.roles_permiso
    ADD CONSTRAINT roles_permission_pkey PRIMARY KEY (id);


--
-- Name: roles_rol_permiso roles_rol_permission_pkey; Type: CONSTRAINT; Schema: public; Owner: postgres
--

ALTER TABLE ONLY public.roles_rol_permiso
    ADD CONSTRAINT roles_rol_permission_pkey PRIMARY KEY (id);


--
-- Name: roles_rol_permiso roles_rol_permission_rol_id_permission_id_ec2b625e_uniq; Type: CONSTRAINT; Schema: public; Owner: postgres
--

ALTER TABLE ONLY public.roles_rol_permiso
    ADD CONSTRAINT roles_rol_permission_rol_id_permission_id_ec2b625e_uniq UNIQUE (rol_id, permiso_id);


--
-- Name: roles_rol roles_rol_pkey; Type: CONSTRAINT; Schema: public; Owner: postgres
--

ALTER TABLE ONLY public.roles_rol
    ADD CONSTRAINT roles_rol_pkey PRIMARY KEY (id);


--
-- Name: socialaccount_socialaccount socialaccount_socialaccount_pkey; Type: CONSTRAINT; Schema: public; Owner: postgres
--

ALTER TABLE ONLY public.socialaccount_socialaccount
    ADD CONSTRAINT socialaccount_socialaccount_pkey PRIMARY KEY (id);


--
-- Name: socialaccount_socialaccount socialaccount_socialaccount_provider_uid_fc810c6e_uniq; Type: CONSTRAINT; Schema: public; Owner: postgres
--

ALTER TABLE ONLY public.socialaccount_socialaccount
    ADD CONSTRAINT socialaccount_socialaccount_provider_uid_fc810c6e_uniq UNIQUE (provider, uid);


--
-- Name: socialaccount_socialapp_sites socialaccount_socialapp__socialapp_id_site_id_71a9a768_uniq; Type: CONSTRAINT; Schema: public; Owner: postgres
--

ALTER TABLE ONLY public.socialaccount_socialapp_sites
    ADD CONSTRAINT socialaccount_socialapp__socialapp_id_site_id_71a9a768_uniq UNIQUE (socialapp_id, site_id);


--
-- Name: socialaccount_socialapp socialaccount_socialapp_pkey; Type: CONSTRAINT; Schema: public; Owner: postgres
--

ALTER TABLE ONLY public.socialaccount_socialapp
    ADD CONSTRAINT socialaccount_socialapp_pkey PRIMARY KEY (id);


--
-- Name: socialaccount_socialapp_sites socialaccount_socialapp_sites_pkey; Type: CONSTRAINT; Schema: public; Owner: postgres
--

ALTER TABLE ONLY public.socialaccount_socialapp_sites
    ADD CONSTRAINT socialaccount_socialapp_sites_pkey PRIMARY KEY (id);


--
-- Name: socialaccount_socialtoken socialaccount_socialtoken_app_id_account_id_fca4e0ac_uniq; Type: CONSTRAINT; Schema: public; Owner: postgres
--

ALTER TABLE ONLY public.socialaccount_socialtoken
    ADD CONSTRAINT socialaccount_socialtoken_app_id_account_id_fca4e0ac_uniq UNIQUE (app_id, account_id);


--
-- Name: socialaccount_socialtoken socialaccount_socialtoken_pkey; Type: CONSTRAINT; Schema: public; Owner: postgres
--

ALTER TABLE ONLY public.socialaccount_socialtoken
    ADD CONSTRAINT socialaccount_socialtoken_pkey PRIMARY KEY (id);


--
-- Name: sprints_desarrollador sprints_desarrollador_pkey; Type: CONSTRAINT; Schema: public; Owner: postgres
--

ALTER TABLE ONLY public.sprints_desarrollador
    ADD CONSTRAINT sprints_desarrollador_pkey PRIMARY KEY (id);


--
-- Name: sprints_desarrollador_userstory sprints_desarrollador_us_desarrollador_id_usersto_13a111dd_uniq; Type: CONSTRAINT; Schema: public; Owner: postgres
--

ALTER TABLE ONLY public.sprints_desarrollador_userstory
    ADD CONSTRAINT sprints_desarrollador_us_desarrollador_id_usersto_13a111dd_uniq UNIQUE (desarrollador_id, userstory_id);


--
-- Name: sprints_desarrollador_userstory sprints_desarrollador_userstory_pkey; Type: CONSTRAINT; Schema: public; Owner: postgres
--

ALTER TABLE ONLY public.sprints_desarrollador_userstory
    ADD CONSTRAINT sprints_desarrollador_userstory_pkey PRIMARY KEY (id);


--
-- Name: sprints_sprint sprints_sprint_pkey; Type: CONSTRAINT; Schema: public; Owner: postgres
--

ALTER TABLE ONLY public.sprints_sprint
    ADD CONSTRAINT sprints_sprint_pkey PRIMARY KEY (id);


--
-- Name: tableros_tablero tableros_tablero_pkey; Type: CONSTRAINT; Schema: public; Owner: postgres
--

ALTER TABLE ONLY public.tableros_tablero
    ADD CONSTRAINT tableros_tablero_pkey PRIMARY KEY (id);


--
-- Name: tableros_tablero tableros_tablero_tipo_us_id_key; Type: CONSTRAINT; Schema: public; Owner: postgres
--

ALTER TABLE ONLY public.tableros_tablero
    ADD CONSTRAINT tableros_tablero_tipo_us_id_key UNIQUE (tipo_us_id);


--
-- Name: tipo_us_miembrotipous tipo_us_miembrotipous_pkey; Type: CONSTRAINT; Schema: public; Owner: postgres
--

ALTER TABLE ONLY public.tipo_us_miembrotipous
    ADD CONSTRAINT tipo_us_miembrotipous_pkey PRIMARY KEY (id);


--
-- Name: tipo_us_tipo_us tipo_us_tipo_us_pkey; Type: CONSTRAINT; Schema: public; Owner: postgres
--

ALTER TABLE ONLY public.tipo_us_tipo_us
    ADD CONSTRAINT tipo_us_tipo_us_pkey PRIMARY KEY (id);


--
-- Name: userstory_nota userstory_nota_pkey; Type: CONSTRAINT; Schema: public; Owner: postgres
--

ALTER TABLE ONLY public.userstory_nota
    ADD CONSTRAINT userstory_nota_pkey PRIMARY KEY (id);


--
-- Name: userstory_tarea userstory_tarea_pkey; Type: CONSTRAINT; Schema: public; Owner: postgres
--

ALTER TABLE ONLY public.userstory_tarea
    ADD CONSTRAINT userstory_tarea_pkey PRIMARY KEY (id);


--
-- Name: userstory_tareaaux userstory_tareaaux_pkey; Type: CONSTRAINT; Schema: public; Owner: postgres
--

ALTER TABLE ONLY public.userstory_tareaaux
    ADD CONSTRAINT userstory_tareaaux_pkey PRIMARY KEY (id);


--
-- Name: userstory_userstory userstory_userstory_pkey; Type: CONSTRAINT; Schema: public; Owner: postgres
--

ALTER TABLE ONLY public.userstory_userstory
    ADD CONSTRAINT userstory_userstory_pkey PRIMARY KEY (id);


--
-- Name: usuarios_usuario_rol usuarios_usuario_rol_pkey; Type: CONSTRAINT; Schema: public; Owner: postgres
--

ALTER TABLE ONLY public.usuarios_usuario_rol
    ADD CONSTRAINT usuarios_usuario_rol_pkey PRIMARY KEY (id);


--
-- Name: usuarios_usuario_rol usuarios_usuario_rol_usuario_id_rol_id_7f2163df_uniq; Type: CONSTRAINT; Schema: public; Owner: postgres
--

ALTER TABLE ONLY public.usuarios_usuario_rol
    ADD CONSTRAINT usuarios_usuario_rol_usuario_id_rol_id_7f2163df_uniq UNIQUE (usuario_id, rol_id);


--
-- Name: usuarios_usuario usuarios_usuario_user_id_27bf56db_pk; Type: CONSTRAINT; Schema: public; Owner: postgres
--

ALTER TABLE ONLY public.usuarios_usuario
    ADD CONSTRAINT usuarios_usuario_user_id_27bf56db_pk PRIMARY KEY (user_id);


--
-- Name: account_emailaddress_email_03be32b2_like; Type: INDEX; Schema: public; Owner: postgres
--

CREATE INDEX account_emailaddress_email_03be32b2_like ON public.account_emailaddress USING btree (email varchar_pattern_ops);


--
-- Name: account_emailaddress_user_id_2c513194; Type: INDEX; Schema: public; Owner: postgres
--

CREATE INDEX account_emailaddress_user_id_2c513194 ON public.account_emailaddress USING btree (user_id);


--
-- Name: account_emailconfirmation_email_address_id_5b7f8c58; Type: INDEX; Schema: public; Owner: postgres
--

CREATE INDEX account_emailconfirmation_email_address_id_5b7f8c58 ON public.account_emailconfirmation USING btree (email_address_id);


--
-- Name: account_emailconfirmation_key_f43612bd_like; Type: INDEX; Schema: public; Owner: postgres
--

CREATE INDEX account_emailconfirmation_key_f43612bd_like ON public.account_emailconfirmation USING btree (key varchar_pattern_ops);


--
-- Name: auth_group_name_a6ea08ec_like; Type: INDEX; Schema: public; Owner: postgres
--

CREATE INDEX auth_group_name_a6ea08ec_like ON public.auth_group USING btree (name varchar_pattern_ops);


--
-- Name: auth_group_permissions_group_id_b120cbf9; Type: INDEX; Schema: public; Owner: postgres
--

CREATE INDEX auth_group_permissions_group_id_b120cbf9 ON public.auth_group_permissions USING btree (group_id);


--
-- Name: auth_group_permissions_permission_id_84c5c92e; Type: INDEX; Schema: public; Owner: postgres
--

CREATE INDEX auth_group_permissions_permission_id_84c5c92e ON public.auth_group_permissions USING btree (permission_id);


--
-- Name: auth_permission_content_type_id_2f476e4b; Type: INDEX; Schema: public; Owner: postgres
--

CREATE INDEX auth_permission_content_type_id_2f476e4b ON public.auth_permission USING btree (content_type_id);


--
-- Name: auth_user_groups_group_id_97559544; Type: INDEX; Schema: public; Owner: postgres
--

CREATE INDEX auth_user_groups_group_id_97559544 ON public.auth_user_groups USING btree (group_id);


--
-- Name: auth_user_groups_user_id_6a12ed8b; Type: INDEX; Schema: public; Owner: postgres
--

CREATE INDEX auth_user_groups_user_id_6a12ed8b ON public.auth_user_groups USING btree (user_id);


--
-- Name: auth_user_user_permissions_permission_id_1fbb5f2c; Type: INDEX; Schema: public; Owner: postgres
--

CREATE INDEX auth_user_user_permissions_permission_id_1fbb5f2c ON public.auth_user_user_permissions USING btree (permission_id);


--
-- Name: auth_user_user_permissions_user_id_a95ead1b; Type: INDEX; Schema: public; Owner: postgres
--

CREATE INDEX auth_user_user_permissions_user_id_a95ead1b ON public.auth_user_user_permissions USING btree (user_id);


--
-- Name: auth_user_username_6821ab7c_like; Type: INDEX; Schema: public; Owner: postgres
--

CREATE INDEX auth_user_username_6821ab7c_like ON public.auth_user USING btree (username varchar_pattern_ops);


--
-- Name: django_admin_log_content_type_id_c4bce8eb; Type: INDEX; Schema: public; Owner: postgres
--

CREATE INDEX django_admin_log_content_type_id_c4bce8eb ON public.django_admin_log USING btree (content_type_id);


--
-- Name: django_admin_log_user_id_c564eba6; Type: INDEX; Schema: public; Owner: postgres
--

CREATE INDEX django_admin_log_user_id_c564eba6 ON public.django_admin_log USING btree (user_id);


--
-- Name: django_session_expire_date_a5c62663; Type: INDEX; Schema: public; Owner: postgres
--

CREATE INDEX django_session_expire_date_a5c62663 ON public.django_session USING btree (expire_date);


--
-- Name: django_session_session_key_c0390e0f_like; Type: INDEX; Schema: public; Owner: postgres
--

CREATE INDEX django_session_session_key_c0390e0f_like ON public.django_session USING btree (session_key varchar_pattern_ops);


--
-- Name: django_site_domain_a2e37b91_like; Type: INDEX; Schema: public; Owner: postgres
--

CREATE INDEX django_site_domain_a2e37b91_like ON public.django_site USING btree (domain varchar_pattern_ops);


--
-- Name: proyectos_historial_proyecto_id_726e609f; Type: INDEX; Schema: public; Owner: postgres
--

CREATE INDEX proyectos_historial_proyecto_id_726e609f ON public.proyectos_historial USING btree (proyecto_id);


--
-- Name: proyectos_historial_responsable_id_d10ae06c; Type: INDEX; Schema: public; Owner: postgres
--

CREATE INDEX proyectos_historial_responsable_id_d10ae06c ON public.proyectos_historial USING btree (responsable_id);


--
-- Name: proyectos_historial_userstory_id_71670df5; Type: INDEX; Schema: public; Owner: postgres
--

CREATE INDEX proyectos_historial_userstory_id_71670df5 ON public.proyectos_historial USING btree (userstory_id);


--
-- Name: proyectos_miembro_proyecto_id_c51508b2; Type: INDEX; Schema: public; Owner: postgres
--

CREATE INDEX proyectos_miembro_proyecto_id_c51508b2 ON public.proyectos_miembro USING btree (proyecto_id);


--
-- Name: proyectos_miembro_rol_miembro_id_83e079d1; Type: INDEX; Schema: public; Owner: postgres
--

CREATE INDEX proyectos_miembro_rol_miembro_id_83e079d1 ON public.proyectos_miembro_rol USING btree (miembro_id);


--
-- Name: proyectos_miembro_rol_rol_id_48c2fbee; Type: INDEX; Schema: public; Owner: postgres
--

CREATE INDEX proyectos_miembro_rol_rol_id_48c2fbee ON public.proyectos_miembro_rol USING btree (rol_id);


--
-- Name: proyectos_miembro_userstory_miembro_id_c0e83d19; Type: INDEX; Schema: public; Owner: postgres
--

CREATE INDEX proyectos_miembro_userstory_miembro_id_c0e83d19 ON public.proyectos_miembro_userstory USING btree (miembro_id);


--
-- Name: proyectos_miembro_userstory_userstory_id_cb38495c; Type: INDEX; Schema: public; Owner: postgres
--

CREATE INDEX proyectos_miembro_userstory_userstory_id_cb38495c ON public.proyectos_miembro_userstory USING btree (userstory_id);


--
-- Name: proyectos_miembro_usuario_id_915aa6e7; Type: INDEX; Schema: public; Owner: postgres
--

CREATE INDEX proyectos_miembro_usuario_id_915aa6e7 ON public.proyectos_miembro USING btree (usuario_id);


--
-- Name: proyectos_notificacion_destinatario_id_eb7d24c3; Type: INDEX; Schema: public; Owner: postgres
--

CREATE INDEX proyectos_notificacion_destinatario_id_eb7d24c3 ON public.proyectos_notificacion USING btree (destinatario_id);


--
-- Name: roles_rol_name_bcf4959f_like; Type: INDEX; Schema: public; Owner: postgres
--

CREATE INDEX roles_rol_name_bcf4959f_like ON public.roles_rol USING btree (nombre varchar_pattern_ops);


--
-- Name: roles_rol_permission_permission_id_7f43f8cc; Type: INDEX; Schema: public; Owner: postgres
--

CREATE INDEX roles_rol_permission_permission_id_7f43f8cc ON public.roles_rol_permiso USING btree (permiso_id);


--
-- Name: roles_rol_permission_rol_id_5ce20013; Type: INDEX; Schema: public; Owner: postgres
--

CREATE INDEX roles_rol_permission_rol_id_5ce20013 ON public.roles_rol_permiso USING btree (rol_id);


--
-- Name: roles_rol_proyecto_id_9fd6e4c0; Type: INDEX; Schema: public; Owner: postgres
--

CREATE INDEX roles_rol_proyecto_id_9fd6e4c0 ON public.roles_rol USING btree (proyecto_id);


--
-- Name: socialaccount_socialaccount_user_id_8146e70c; Type: INDEX; Schema: public; Owner: postgres
--

CREATE INDEX socialaccount_socialaccount_user_id_8146e70c ON public.socialaccount_socialaccount USING btree (user_id);


--
-- Name: socialaccount_socialapp_sites_site_id_2579dee5; Type: INDEX; Schema: public; Owner: postgres
--

CREATE INDEX socialaccount_socialapp_sites_site_id_2579dee5 ON public.socialaccount_socialapp_sites USING btree (site_id);


--
-- Name: socialaccount_socialapp_sites_socialapp_id_97fb6e7d; Type: INDEX; Schema: public; Owner: postgres
--

CREATE INDEX socialaccount_socialapp_sites_socialapp_id_97fb6e7d ON public.socialaccount_socialapp_sites USING btree (socialapp_id);


--
-- Name: socialaccount_socialtoken_account_id_951f210e; Type: INDEX; Schema: public; Owner: postgres
--

CREATE INDEX socialaccount_socialtoken_account_id_951f210e ON public.socialaccount_socialtoken USING btree (account_id);


--
-- Name: socialaccount_socialtoken_app_id_636a42d7; Type: INDEX; Schema: public; Owner: postgres
--

CREATE INDEX socialaccount_socialtoken_app_id_636a42d7 ON public.socialaccount_socialtoken USING btree (app_id);


--
-- Name: sprints_desarrollador_miembro_id_399efe65; Type: INDEX; Schema: public; Owner: postgres
--

CREATE INDEX sprints_desarrollador_miembro_id_399efe65 ON public.sprints_desarrollador USING btree (miembro_id);


--
-- Name: sprints_desarrollador_sprint_id_ecd8a720; Type: INDEX; Schema: public; Owner: postgres
--

CREATE INDEX sprints_desarrollador_sprint_id_ecd8a720 ON public.sprints_desarrollador USING btree (sprint_id);


--
-- Name: sprints_desarrollador_userstory_desarrollador_id_f986be58; Type: INDEX; Schema: public; Owner: postgres
--

CREATE INDEX sprints_desarrollador_userstory_desarrollador_id_f986be58 ON public.sprints_desarrollador_userstory USING btree (desarrollador_id);


--
-- Name: sprints_desarrollador_userstory_userstory_id_a43170d1; Type: INDEX; Schema: public; Owner: postgres
--

CREATE INDEX sprints_desarrollador_userstory_userstory_id_a43170d1 ON public.sprints_desarrollador_userstory USING btree (userstory_id);


--
-- Name: sprints_sprint_proyecto_id_8c765e04; Type: INDEX; Schema: public; Owner: postgres
--

CREATE INDEX sprints_sprint_proyecto_id_8c765e04 ON public.sprints_sprint USING btree (proyecto_id);


--
-- Name: tipo_us_miembrotipous_proyecto_id_6e1d98da; Type: INDEX; Schema: public; Owner: postgres
--

CREATE INDEX tipo_us_miembrotipous_proyecto_id_6e1d98da ON public.tipo_us_miembrotipous USING btree (proyecto_id);


--
-- Name: tipo_us_miembrotipous_tipo_us_id_c0903e61; Type: INDEX; Schema: public; Owner: postgres
--

CREATE INDEX tipo_us_miembrotipous_tipo_us_id_c0903e61 ON public.tipo_us_miembrotipous USING btree (tipo_us_id);


--
-- Name: userstory_nota_creador_id_b84cfa73; Type: INDEX; Schema: public; Owner: postgres
--

CREATE INDEX userstory_nota_creador_id_b84cfa73 ON public.userstory_nota USING btree (creador_id);


--
-- Name: userstory_nota_userstory_id_1a0e21c8; Type: INDEX; Schema: public; Owner: postgres
--

CREATE INDEX userstory_nota_userstory_id_1a0e21c8 ON public.userstory_nota USING btree (userstory_id);


--
-- Name: userstory_tarea_creador_id_c2e60207; Type: INDEX; Schema: public; Owner: postgres
--

CREATE INDEX userstory_tarea_creador_id_c2e60207 ON public.userstory_tarea USING btree (creador_id);


--
-- Name: userstory_tarea_userstory_id_9799209a; Type: INDEX; Schema: public; Owner: postgres
--

CREATE INDEX userstory_tarea_userstory_id_9799209a ON public.userstory_tarea USING btree (userstory_id);


--
-- Name: userstory_tareaaux_sprint_id_732086df; Type: INDEX; Schema: public; Owner: postgres
--

CREATE INDEX userstory_tareaaux_sprint_id_732086df ON public.userstory_tareaaux USING btree (sprint_id);


--
-- Name: userstory_userstory_proyecto_id_81fe69a3; Type: INDEX; Schema: public; Owner: postgres
--

CREATE INDEX userstory_userstory_proyecto_id_81fe69a3 ON public.userstory_userstory USING btree (proyecto_id);


--
-- Name: userstory_userstory_sprint_id_2b178521; Type: INDEX; Schema: public; Owner: postgres
--

CREATE INDEX userstory_userstory_sprint_id_2b178521 ON public.userstory_userstory USING btree (sprint_id);


--
-- Name: userstory_userstory_tipo_us_id_e254c662; Type: INDEX; Schema: public; Owner: postgres
--

CREATE INDEX userstory_userstory_tipo_us_id_e254c662 ON public.userstory_userstory USING btree (tipo_us_id);


--
-- Name: usuarios_usuario_rol_rol_id_b1c3b98c; Type: INDEX; Schema: public; Owner: postgres
--

CREATE INDEX usuarios_usuario_rol_rol_id_b1c3b98c ON public.usuarios_usuario_rol USING btree (rol_id);


--
-- Name: usuarios_usuario_rol_usuario_id_8687ffa8; Type: INDEX; Schema: public; Owner: postgres
--

CREATE INDEX usuarios_usuario_rol_usuario_id_8687ffa8 ON public.usuarios_usuario_rol USING btree (usuario_id);


--
-- Name: account_emailaddress account_emailaddress_user_id_2c513194_fk_auth_user_id; Type: FK CONSTRAINT; Schema: public; Owner: postgres
--

ALTER TABLE ONLY public.account_emailaddress
    ADD CONSTRAINT account_emailaddress_user_id_2c513194_fk_auth_user_id FOREIGN KEY (user_id) REFERENCES public.auth_user(id) DEFERRABLE INITIALLY DEFERRED;


--
-- Name: account_emailconfirmation account_emailconfirm_email_address_id_5b7f8c58_fk_account_e; Type: FK CONSTRAINT; Schema: public; Owner: postgres
--

ALTER TABLE ONLY public.account_emailconfirmation
    ADD CONSTRAINT account_emailconfirm_email_address_id_5b7f8c58_fk_account_e FOREIGN KEY (email_address_id) REFERENCES public.account_emailaddress(id) DEFERRABLE INITIALLY DEFERRED;


--
-- Name: auth_group_permissions auth_group_permissio_permission_id_84c5c92e_fk_auth_perm; Type: FK CONSTRAINT; Schema: public; Owner: postgres
--

ALTER TABLE ONLY public.auth_group_permissions
    ADD CONSTRAINT auth_group_permissio_permission_id_84c5c92e_fk_auth_perm FOREIGN KEY (permission_id) REFERENCES public.auth_permission(id) DEFERRABLE INITIALLY DEFERRED;


--
-- Name: auth_group_permissions auth_group_permissions_group_id_b120cbf9_fk_auth_group_id; Type: FK CONSTRAINT; Schema: public; Owner: postgres
--

ALTER TABLE ONLY public.auth_group_permissions
    ADD CONSTRAINT auth_group_permissions_group_id_b120cbf9_fk_auth_group_id FOREIGN KEY (group_id) REFERENCES public.auth_group(id) DEFERRABLE INITIALLY DEFERRED;


--
-- Name: auth_permission auth_permission_content_type_id_2f476e4b_fk_django_co; Type: FK CONSTRAINT; Schema: public; Owner: postgres
--

ALTER TABLE ONLY public.auth_permission
    ADD CONSTRAINT auth_permission_content_type_id_2f476e4b_fk_django_co FOREIGN KEY (content_type_id) REFERENCES public.django_content_type(id) DEFERRABLE INITIALLY DEFERRED;


--
-- Name: auth_user_groups auth_user_groups_group_id_97559544_fk_auth_group_id; Type: FK CONSTRAINT; Schema: public; Owner: postgres
--

ALTER TABLE ONLY public.auth_user_groups
    ADD CONSTRAINT auth_user_groups_group_id_97559544_fk_auth_group_id FOREIGN KEY (group_id) REFERENCES public.auth_group(id) DEFERRABLE INITIALLY DEFERRED;


--
-- Name: auth_user_groups auth_user_groups_user_id_6a12ed8b_fk_auth_user_id; Type: FK CONSTRAINT; Schema: public; Owner: postgres
--

ALTER TABLE ONLY public.auth_user_groups
    ADD CONSTRAINT auth_user_groups_user_id_6a12ed8b_fk_auth_user_id FOREIGN KEY (user_id) REFERENCES public.auth_user(id) DEFERRABLE INITIALLY DEFERRED;


--
-- Name: auth_user_user_permissions auth_user_user_permi_permission_id_1fbb5f2c_fk_auth_perm; Type: FK CONSTRAINT; Schema: public; Owner: postgres
--

ALTER TABLE ONLY public.auth_user_user_permissions
    ADD CONSTRAINT auth_user_user_permi_permission_id_1fbb5f2c_fk_auth_perm FOREIGN KEY (permission_id) REFERENCES public.auth_permission(id) DEFERRABLE INITIALLY DEFERRED;


--
-- Name: auth_user_user_permissions auth_user_user_permissions_user_id_a95ead1b_fk_auth_user_id; Type: FK CONSTRAINT; Schema: public; Owner: postgres
--

ALTER TABLE ONLY public.auth_user_user_permissions
    ADD CONSTRAINT auth_user_user_permissions_user_id_a95ead1b_fk_auth_user_id FOREIGN KEY (user_id) REFERENCES public.auth_user(id) DEFERRABLE INITIALLY DEFERRED;


--
-- Name: django_admin_log django_admin_log_content_type_id_c4bce8eb_fk_django_co; Type: FK CONSTRAINT; Schema: public; Owner: postgres
--

ALTER TABLE ONLY public.django_admin_log
    ADD CONSTRAINT django_admin_log_content_type_id_c4bce8eb_fk_django_co FOREIGN KEY (content_type_id) REFERENCES public.django_content_type(id) DEFERRABLE INITIALLY DEFERRED;


--
-- Name: django_admin_log django_admin_log_user_id_c564eba6_fk_auth_user_id; Type: FK CONSTRAINT; Schema: public; Owner: postgres
--

ALTER TABLE ONLY public.django_admin_log
    ADD CONSTRAINT django_admin_log_user_id_c564eba6_fk_auth_user_id FOREIGN KEY (user_id) REFERENCES public.auth_user(id) DEFERRABLE INITIALLY DEFERRED;


--
-- Name: proyectos_historial proyectos_historial_proyecto_id_726e609f_fk_proyectos; Type: FK CONSTRAINT; Schema: public; Owner: postgres
--

ALTER TABLE ONLY public.proyectos_historial
    ADD CONSTRAINT proyectos_historial_proyecto_id_726e609f_fk_proyectos FOREIGN KEY (proyecto_id) REFERENCES public.proyectos_proyecto(id) DEFERRABLE INITIALLY DEFERRED;


--
-- Name: proyectos_historial proyectos_historial_responsable_id_d10ae06c_fk_usuarios_; Type: FK CONSTRAINT; Schema: public; Owner: postgres
--

ALTER TABLE ONLY public.proyectos_historial
    ADD CONSTRAINT proyectos_historial_responsable_id_d10ae06c_fk_usuarios_ FOREIGN KEY (responsable_id) REFERENCES public.usuarios_usuario(user_id) DEFERRABLE INITIALLY DEFERRED;


--
-- Name: proyectos_historial proyectos_historial_userstory_id_71670df5_fk_userstory; Type: FK CONSTRAINT; Schema: public; Owner: postgres
--

ALTER TABLE ONLY public.proyectos_historial
    ADD CONSTRAINT proyectos_historial_userstory_id_71670df5_fk_userstory FOREIGN KEY (userstory_id) REFERENCES public.userstory_userstory(id) DEFERRABLE INITIALLY DEFERRED;


--
-- Name: proyectos_miembro proyectos_miembro_proyecto_id_c51508b2_fk_proyectos_proyecto_id; Type: FK CONSTRAINT; Schema: public; Owner: postgres
--

ALTER TABLE ONLY public.proyectos_miembro
    ADD CONSTRAINT proyectos_miembro_proyecto_id_c51508b2_fk_proyectos_proyecto_id FOREIGN KEY (proyecto_id) REFERENCES public.proyectos_proyecto(id) DEFERRABLE INITIALLY DEFERRED;


--
-- Name: proyectos_miembro_rol proyectos_miembro_ro_miembro_id_83e079d1_fk_proyectos; Type: FK CONSTRAINT; Schema: public; Owner: postgres
--

ALTER TABLE ONLY public.proyectos_miembro_rol
    ADD CONSTRAINT proyectos_miembro_ro_miembro_id_83e079d1_fk_proyectos FOREIGN KEY (miembro_id) REFERENCES public.proyectos_miembro(id) DEFERRABLE INITIALLY DEFERRED;


--
-- Name: proyectos_miembro_rol proyectos_miembro_rol_rol_id_48c2fbee_fk_roles_rol_id; Type: FK CONSTRAINT; Schema: public; Owner: postgres
--

ALTER TABLE ONLY public.proyectos_miembro_rol
    ADD CONSTRAINT proyectos_miembro_rol_rol_id_48c2fbee_fk_roles_rol_id FOREIGN KEY (rol_id) REFERENCES public.roles_rol(id) DEFERRABLE INITIALLY DEFERRED;


--
-- Name: proyectos_miembro_userstory proyectos_miembro_us_miembro_id_c0e83d19_fk_proyectos; Type: FK CONSTRAINT; Schema: public; Owner: postgres
--

ALTER TABLE ONLY public.proyectos_miembro_userstory
    ADD CONSTRAINT proyectos_miembro_us_miembro_id_c0e83d19_fk_proyectos FOREIGN KEY (miembro_id) REFERENCES public.proyectos_miembro(id) DEFERRABLE INITIALLY DEFERRED;


--
-- Name: proyectos_miembro_userstory proyectos_miembro_us_userstory_id_cb38495c_fk_userstory; Type: FK CONSTRAINT; Schema: public; Owner: postgres
--

ALTER TABLE ONLY public.proyectos_miembro_userstory
    ADD CONSTRAINT proyectos_miembro_us_userstory_id_cb38495c_fk_userstory FOREIGN KEY (userstory_id) REFERENCES public.userstory_userstory(id) DEFERRABLE INITIALLY DEFERRED;


--
-- Name: proyectos_miembro proyectos_miembro_usuario_id_915aa6e7_fk_usuarios_; Type: FK CONSTRAINT; Schema: public; Owner: postgres
--

ALTER TABLE ONLY public.proyectos_miembro
    ADD CONSTRAINT proyectos_miembro_usuario_id_915aa6e7_fk_usuarios_ FOREIGN KEY (usuario_id) REFERENCES public.usuarios_usuario(user_id) DEFERRABLE INITIALLY DEFERRED;


--
-- Name: proyectos_notificacion proyectos_notificaci_destinatario_id_eb7d24c3_fk_usuarios_; Type: FK CONSTRAINT; Schema: public; Owner: postgres
--

ALTER TABLE ONLY public.proyectos_notificacion
    ADD CONSTRAINT proyectos_notificaci_destinatario_id_eb7d24c3_fk_usuarios_ FOREIGN KEY (destinatario_id) REFERENCES public.usuarios_usuario(user_id) DEFERRABLE INITIALLY DEFERRED;


--
-- Name: roles_rol_permiso roles_rol_permission_rol_id_5ce20013_fk_roles_rol_id; Type: FK CONSTRAINT; Schema: public; Owner: postgres
--

ALTER TABLE ONLY public.roles_rol_permiso
    ADD CONSTRAINT roles_rol_permission_rol_id_5ce20013_fk_roles_rol_id FOREIGN KEY (rol_id) REFERENCES public.roles_rol(id) DEFERRABLE INITIALLY DEFERRED;


--
-- Name: roles_rol roles_rol_proyecto_id_9fd6e4c0_fk_proyectos_proyecto_id; Type: FK CONSTRAINT; Schema: public; Owner: postgres
--

ALTER TABLE ONLY public.roles_rol
    ADD CONSTRAINT roles_rol_proyecto_id_9fd6e4c0_fk_proyectos_proyecto_id FOREIGN KEY (proyecto_id) REFERENCES public.proyectos_proyecto(id) DEFERRABLE INITIALLY DEFERRED;


--
-- Name: roles_rol_permiso roles_role_permission_permiso_id_508841d7_fk_roles_permiso_id; Type: FK CONSTRAINT; Schema: public; Owner: postgres
--

ALTER TABLE ONLY public.roles_rol_permiso
    ADD CONSTRAINT roles_role_permission_permiso_id_508841d7_fk_roles_permiso_id FOREIGN KEY (permiso_id) REFERENCES public.roles_permiso(id) DEFERRABLE INITIALLY DEFERRED;


--
-- Name: socialaccount_socialtoken socialaccount_social_account_id_951f210e_fk_socialacc; Type: FK CONSTRAINT; Schema: public; Owner: postgres
--

ALTER TABLE ONLY public.socialaccount_socialtoken
    ADD CONSTRAINT socialaccount_social_account_id_951f210e_fk_socialacc FOREIGN KEY (account_id) REFERENCES public.socialaccount_socialaccount(id) DEFERRABLE INITIALLY DEFERRED;


--
-- Name: socialaccount_socialtoken socialaccount_social_app_id_636a42d7_fk_socialacc; Type: FK CONSTRAINT; Schema: public; Owner: postgres
--

ALTER TABLE ONLY public.socialaccount_socialtoken
    ADD CONSTRAINT socialaccount_social_app_id_636a42d7_fk_socialacc FOREIGN KEY (app_id) REFERENCES public.socialaccount_socialapp(id) DEFERRABLE INITIALLY DEFERRED;


--
-- Name: socialaccount_socialapp_sites socialaccount_social_site_id_2579dee5_fk_django_si; Type: FK CONSTRAINT; Schema: public; Owner: postgres
--

ALTER TABLE ONLY public.socialaccount_socialapp_sites
    ADD CONSTRAINT socialaccount_social_site_id_2579dee5_fk_django_si FOREIGN KEY (site_id) REFERENCES public.django_site(id) DEFERRABLE INITIALLY DEFERRED;


--
-- Name: socialaccount_socialapp_sites socialaccount_social_socialapp_id_97fb6e7d_fk_socialacc; Type: FK CONSTRAINT; Schema: public; Owner: postgres
--

ALTER TABLE ONLY public.socialaccount_socialapp_sites
    ADD CONSTRAINT socialaccount_social_socialapp_id_97fb6e7d_fk_socialacc FOREIGN KEY (socialapp_id) REFERENCES public.socialaccount_socialapp(id) DEFERRABLE INITIALLY DEFERRED;


--
-- Name: socialaccount_socialaccount socialaccount_socialaccount_user_id_8146e70c_fk_auth_user_id; Type: FK CONSTRAINT; Schema: public; Owner: postgres
--

ALTER TABLE ONLY public.socialaccount_socialaccount
    ADD CONSTRAINT socialaccount_socialaccount_user_id_8146e70c_fk_auth_user_id FOREIGN KEY (user_id) REFERENCES public.auth_user(id) DEFERRABLE INITIALLY DEFERRED;


--
-- Name: sprints_desarrollador_userstory sprints_desarrollado_desarrollador_id_f986be58_fk_sprints_d; Type: FK CONSTRAINT; Schema: public; Owner: postgres
--

ALTER TABLE ONLY public.sprints_desarrollador_userstory
    ADD CONSTRAINT sprints_desarrollado_desarrollador_id_f986be58_fk_sprints_d FOREIGN KEY (desarrollador_id) REFERENCES public.sprints_desarrollador(id) DEFERRABLE INITIALLY DEFERRED;


--
-- Name: sprints_desarrollador sprints_desarrollado_miembro_id_399efe65_fk_proyectos; Type: FK CONSTRAINT; Schema: public; Owner: postgres
--

ALTER TABLE ONLY public.sprints_desarrollador
    ADD CONSTRAINT sprints_desarrollado_miembro_id_399efe65_fk_proyectos FOREIGN KEY (miembro_id) REFERENCES public.proyectos_miembro(id) DEFERRABLE INITIALLY DEFERRED;


--
-- Name: sprints_desarrollador_userstory sprints_desarrollado_userstory_id_a43170d1_fk_userstory; Type: FK CONSTRAINT; Schema: public; Owner: postgres
--

ALTER TABLE ONLY public.sprints_desarrollador_userstory
    ADD CONSTRAINT sprints_desarrollado_userstory_id_a43170d1_fk_userstory FOREIGN KEY (userstory_id) REFERENCES public.userstory_userstory(id) DEFERRABLE INITIALLY DEFERRED;


--
-- Name: sprints_desarrollador sprints_desarrollador_sprint_id_ecd8a720_fk_sprints_sprint_id; Type: FK CONSTRAINT; Schema: public; Owner: postgres
--

ALTER TABLE ONLY public.sprints_desarrollador
    ADD CONSTRAINT sprints_desarrollador_sprint_id_ecd8a720_fk_sprints_sprint_id FOREIGN KEY (sprint_id) REFERENCES public.sprints_sprint(id) DEFERRABLE INITIALLY DEFERRED;


--
-- Name: sprints_sprint sprints_sprint_proyecto_id_8c765e04_fk_proyectos_proyecto_id; Type: FK CONSTRAINT; Schema: public; Owner: postgres
--

ALTER TABLE ONLY public.sprints_sprint
    ADD CONSTRAINT sprints_sprint_proyecto_id_8c765e04_fk_proyectos_proyecto_id FOREIGN KEY (proyecto_id) REFERENCES public.proyectos_proyecto(id) DEFERRABLE INITIALLY DEFERRED;


--
-- Name: tableros_tablero tableros_tablero_tipo_us_id_9c1065fa_fk_tipo_us_m; Type: FK CONSTRAINT; Schema: public; Owner: postgres
--

ALTER TABLE ONLY public.tableros_tablero
    ADD CONSTRAINT tableros_tablero_tipo_us_id_9c1065fa_fk_tipo_us_m FOREIGN KEY (tipo_us_id) REFERENCES public.tipo_us_miembrotipous(id) DEFERRABLE INITIALLY DEFERRED;


--
-- Name: tipo_us_miembrotipous tipo_us_miembrotipou_proyecto_id_6e1d98da_fk_proyectos; Type: FK CONSTRAINT; Schema: public; Owner: postgres
--

ALTER TABLE ONLY public.tipo_us_miembrotipous
    ADD CONSTRAINT tipo_us_miembrotipou_proyecto_id_6e1d98da_fk_proyectos FOREIGN KEY (proyecto_id) REFERENCES public.proyectos_proyecto(id) DEFERRABLE INITIALLY DEFERRED;


--
-- Name: tipo_us_miembrotipous tipo_us_miembrotipous_tipo_us_id_c0903e61_fk_tipo_us_tipo_us_id; Type: FK CONSTRAINT; Schema: public; Owner: postgres
--

ALTER TABLE ONLY public.tipo_us_miembrotipous
    ADD CONSTRAINT tipo_us_miembrotipous_tipo_us_id_c0903e61_fk_tipo_us_tipo_us_id FOREIGN KEY (tipo_us_id) REFERENCES public.tipo_us_tipo_us(id) DEFERRABLE INITIALLY DEFERRED;


--
-- Name: userstory_nota userstory_nota_creador_id_b84cfa73_fk_proyectos_miembro_id; Type: FK CONSTRAINT; Schema: public; Owner: postgres
--

ALTER TABLE ONLY public.userstory_nota
    ADD CONSTRAINT userstory_nota_creador_id_b84cfa73_fk_proyectos_miembro_id FOREIGN KEY (creador_id) REFERENCES public.proyectos_miembro(id) DEFERRABLE INITIALLY DEFERRED;


--
-- Name: userstory_nota userstory_nota_userstory_id_1a0e21c8_fk_userstory_userstory_id; Type: FK CONSTRAINT; Schema: public; Owner: postgres
--

ALTER TABLE ONLY public.userstory_nota
    ADD CONSTRAINT userstory_nota_userstory_id_1a0e21c8_fk_userstory_userstory_id FOREIGN KEY (userstory_id) REFERENCES public.userstory_userstory(id) DEFERRABLE INITIALLY DEFERRED;


--
-- Name: userstory_tarea userstory_tarea_creador_id_c2e60207_fk_proyectos_miembro_id; Type: FK CONSTRAINT; Schema: public; Owner: postgres
--

ALTER TABLE ONLY public.userstory_tarea
    ADD CONSTRAINT userstory_tarea_creador_id_c2e60207_fk_proyectos_miembro_id FOREIGN KEY (creador_id) REFERENCES public.proyectos_miembro(id) DEFERRABLE INITIALLY DEFERRED;


--
-- Name: userstory_tarea userstory_tarea_userstory_id_9799209a_fk_userstory_userstory_id; Type: FK CONSTRAINT; Schema: public; Owner: postgres
--

ALTER TABLE ONLY public.userstory_tarea
    ADD CONSTRAINT userstory_tarea_userstory_id_9799209a_fk_userstory_userstory_id FOREIGN KEY (userstory_id) REFERENCES public.userstory_userstory(id) DEFERRABLE INITIALLY DEFERRED;


--
-- Name: userstory_tareaaux userstory_tareaaux_sprint_id_732086df_fk_sprints_sprint_id; Type: FK CONSTRAINT; Schema: public; Owner: postgres
--

ALTER TABLE ONLY public.userstory_tareaaux
    ADD CONSTRAINT userstory_tareaaux_sprint_id_732086df_fk_sprints_sprint_id FOREIGN KEY (sprint_id) REFERENCES public.sprints_sprint(id) DEFERRABLE INITIALLY DEFERRED;


--
-- Name: userstory_userstory userstory_userstory_proyecto_id_81fe69a3_fk_proyectos; Type: FK CONSTRAINT; Schema: public; Owner: postgres
--

ALTER TABLE ONLY public.userstory_userstory
    ADD CONSTRAINT userstory_userstory_proyecto_id_81fe69a3_fk_proyectos FOREIGN KEY (proyecto_id) REFERENCES public.proyectos_proyecto(id) DEFERRABLE INITIALLY DEFERRED;


--
-- Name: userstory_userstory userstory_userstory_sprint_id_2b178521_fk_sprints_sprint_id; Type: FK CONSTRAINT; Schema: public; Owner: postgres
--

ALTER TABLE ONLY public.userstory_userstory
    ADD CONSTRAINT userstory_userstory_sprint_id_2b178521_fk_sprints_sprint_id FOREIGN KEY (sprint_id) REFERENCES public.sprints_sprint(id) DEFERRABLE INITIALLY DEFERRED;


--
-- Name: userstory_userstory userstory_userstory_tipo_us_id_e254c662_fk_tipo_us_m; Type: FK CONSTRAINT; Schema: public; Owner: postgres
--

ALTER TABLE ONLY public.userstory_userstory
    ADD CONSTRAINT userstory_userstory_tipo_us_id_e254c662_fk_tipo_us_m FOREIGN KEY (tipo_us_id) REFERENCES public.tipo_us_miembrotipous(id) DEFERRABLE INITIALLY DEFERRED;


--
-- Name: usuarios_usuario_rol usuarios_usuario_rol_rol_id_b1c3b98c_fk_roles_rol_id; Type: FK CONSTRAINT; Schema: public; Owner: postgres
--

ALTER TABLE ONLY public.usuarios_usuario_rol
    ADD CONSTRAINT usuarios_usuario_rol_rol_id_b1c3b98c_fk_roles_rol_id FOREIGN KEY (rol_id) REFERENCES public.roles_rol(id) DEFERRABLE INITIALLY DEFERRED;


--
-- Name: usuarios_usuario usuarios_usuario_user_id_27bf56db_fk_auth_user_id; Type: FK CONSTRAINT; Schema: public; Owner: postgres
--

ALTER TABLE ONLY public.usuarios_usuario
    ADD CONSTRAINT usuarios_usuario_user_id_27bf56db_fk_auth_user_id FOREIGN KEY (user_id) REFERENCES public.auth_user(id) DEFERRABLE INITIALLY DEFERRED;


--
-- PostgreSQL database dump complete
--

