--
-- PostgreSQL database dump
--

-- Dumped from database version 14.5 (Ubuntu 14.5-0ubuntu0.22.04.1)
-- Dumped by pg_dump version 14.5 (Ubuntu 14.5-0ubuntu0.22.04.1)

SET statement_timeout = 0;
SET lock_timeout = 0;
SET idle_in_transaction_session_timeout = 0;
SET client_encoding = 'UTF8';
SET standard_conforming_strings = on;
SELECT pg_catalog.set_config('search_path', '', false);
SET check_function_bodies = false;
SET xmloption = content;
SET client_min_messages = warning;
SET row_security = off;

SET default_tablespace = '';

SET default_table_access_method = heap;

--
-- Name: account_emailaddress; Type: TABLE; Schema: public; Owner: postgres
--

CREATE TABLE public.account_emailaddress (
    id integer NOT NULL,
    email character varying(254) NOT NULL,
    verified boolean NOT NULL,
    "primary" boolean NOT NULL,
    user_id integer NOT NULL
);


ALTER TABLE public.account_emailaddress OWNER TO postgres;

--
-- Name: account_emailaddress_id_seq; Type: SEQUENCE; Schema: public; Owner: postgres
--

ALTER TABLE public.account_emailaddress ALTER COLUMN id ADD GENERATED BY DEFAULT AS IDENTITY (
    SEQUENCE NAME public.account_emailaddress_id_seq
    START WITH 1
    INCREMENT BY 1
    NO MINVALUE
    NO MAXVALUE
    CACHE 1
);


--
-- Name: account_emailconfirmation; Type: TABLE; Schema: public; Owner: postgres
--

CREATE TABLE public.account_emailconfirmation (
    id integer NOT NULL,
    created timestamp with time zone NOT NULL,
    sent timestamp with time zone,
    key character varying(64) NOT NULL,
    email_address_id integer NOT NULL
);


ALTER TABLE public.account_emailconfirmation OWNER TO postgres;

--
-- Name: account_emailconfirmation_id_seq; Type: SEQUENCE; Schema: public; Owner: postgres
--

ALTER TABLE public.account_emailconfirmation ALTER COLUMN id ADD GENERATED BY DEFAULT AS IDENTITY (
    SEQUENCE NAME public.account_emailconfirmation_id_seq
    START WITH 1
    INCREMENT BY 1
    NO MINVALUE
    NO MAXVALUE
    CACHE 1
);


--
-- Name: auth_group; Type: TABLE; Schema: public; Owner: postgres
--

CREATE TABLE public.auth_group (
    id integer NOT NULL,
    name character varying(150) NOT NULL
);


ALTER TABLE public.auth_group OWNER TO postgres;

--
-- Name: auth_group_id_seq; Type: SEQUENCE; Schema: public; Owner: postgres
--

ALTER TABLE public.auth_group ALTER COLUMN id ADD GENERATED BY DEFAULT AS IDENTITY (
    SEQUENCE NAME public.auth_group_id_seq
    START WITH 1
    INCREMENT BY 1
    NO MINVALUE
    NO MAXVALUE
    CACHE 1
);


--
-- Name: auth_group_permissions; Type: TABLE; Schema: public; Owner: postgres
--

CREATE TABLE public.auth_group_permissions (
    id bigint NOT NULL,
    group_id integer NOT NULL,
    permission_id integer NOT NULL
);


ALTER TABLE public.auth_group_permissions OWNER TO postgres;

--
-- Name: auth_group_permissions_id_seq; Type: SEQUENCE; Schema: public; Owner: postgres
--

ALTER TABLE public.auth_group_permissions ALTER COLUMN id ADD GENERATED BY DEFAULT AS IDENTITY (
    SEQUENCE NAME public.auth_group_permissions_id_seq
    START WITH 1
    INCREMENT BY 1
    NO MINVALUE
    NO MAXVALUE
    CACHE 1
);


--
-- Name: auth_permission; Type: TABLE; Schema: public; Owner: postgres
--

CREATE TABLE public.auth_permission (
    id integer NOT NULL,
    name character varying(255) NOT NULL,
    content_type_id integer NOT NULL,
    codename character varying(100) NOT NULL
);


ALTER TABLE public.auth_permission OWNER TO postgres;

--
-- Name: auth_permission_id_seq; Type: SEQUENCE; Schema: public; Owner: postgres
--

ALTER TABLE public.auth_permission ALTER COLUMN id ADD GENERATED BY DEFAULT AS IDENTITY (
    SEQUENCE NAME public.auth_permission_id_seq
    START WITH 1
    INCREMENT BY 1
    NO MINVALUE
    NO MAXVALUE
    CACHE 1
);


--
-- Name: auth_user; Type: TABLE; Schema: public; Owner: postgres
--

CREATE TABLE public.auth_user (
    id integer NOT NULL,
    password character varying(128) NOT NULL,
    last_login timestamp with time zone,
    is_superuser boolean NOT NULL,
    username character varying(150) NOT NULL,
    first_name character varying(150) NOT NULL,
    last_name character varying(150) NOT NULL,
    email character varying(254) NOT NULL,
    is_staff boolean NOT NULL,
    is_active boolean NOT NULL,
    date_joined timestamp with time zone NOT NULL
);


ALTER TABLE public.auth_user OWNER TO postgres;

--
-- Name: auth_user_groups; Type: TABLE; Schema: public; Owner: postgres
--

CREATE TABLE public.auth_user_groups (
    id bigint NOT NULL,
    user_id integer NOT NULL,
    group_id integer NOT NULL
);


ALTER TABLE public.auth_user_groups OWNER TO postgres;

--
-- Name: auth_user_groups_id_seq; Type: SEQUENCE; Schema: public; Owner: postgres
--

ALTER TABLE public.auth_user_groups ALTER COLUMN id ADD GENERATED BY DEFAULT AS IDENTITY (
    SEQUENCE NAME public.auth_user_groups_id_seq
    START WITH 1
    INCREMENT BY 1
    NO MINVALUE
    NO MAXVALUE
    CACHE 1
);


--
-- Name: auth_user_id_seq; Type: SEQUENCE; Schema: public; Owner: postgres
--

ALTER TABLE public.auth_user ALTER COLUMN id ADD GENERATED BY DEFAULT AS IDENTITY (
    SEQUENCE NAME public.auth_user_id_seq
    START WITH 1
    INCREMENT BY 1
    NO MINVALUE
    NO MAXVALUE
    CACHE 1
);


--
-- Name: auth_user_user_permissions; Type: TABLE; Schema: public; Owner: postgres
--

CREATE TABLE public.auth_user_user_permissions (
    id bigint NOT NULL,
    user_id integer NOT NULL,
    permission_id integer NOT NULL
);


ALTER TABLE public.auth_user_user_permissions OWNER TO postgres;

--
-- Name: auth_user_user_permissions_id_seq; Type: SEQUENCE; Schema: public; Owner: postgres
--

ALTER TABLE public.auth_user_user_permissions ALTER COLUMN id ADD GENERATED BY DEFAULT AS IDENTITY (
    SEQUENCE NAME public.auth_user_user_permissions_id_seq
    START WITH 1
    INCREMENT BY 1
    NO MINVALUE
    NO MAXVALUE
    CACHE 1
);


--
-- Name: django_admin_log; Type: TABLE; Schema: public; Owner: postgres
--

CREATE TABLE public.django_admin_log (
    id integer NOT NULL,
    action_time timestamp with time zone NOT NULL,
    object_id text,
    object_repr character varying(200) NOT NULL,
    action_flag smallint NOT NULL,
    change_message text NOT NULL,
    content_type_id integer,
    user_id integer NOT NULL,
    CONSTRAINT django_admin_log_action_flag_check CHECK ((action_flag >= 0))
);


ALTER TABLE public.django_admin_log OWNER TO postgres;

--
-- Name: django_admin_log_id_seq; Type: SEQUENCE; Schema: public; Owner: postgres
--

ALTER TABLE public.django_admin_log ALTER COLUMN id ADD GENERATED BY DEFAULT AS IDENTITY (
    SEQUENCE NAME public.django_admin_log_id_seq
    START WITH 1
    INCREMENT BY 1
    NO MINVALUE
    NO MAXVALUE
    CACHE 1
);


--
-- Name: django_content_type; Type: TABLE; Schema: public; Owner: postgres
--

CREATE TABLE public.django_content_type (
    id integer NOT NULL,
    app_label character varying(100) NOT NULL,
    model character varying(100) NOT NULL
);


ALTER TABLE public.django_content_type OWNER TO postgres;

--
-- Name: django_content_type_id_seq; Type: SEQUENCE; Schema: public; Owner: postgres
--

ALTER TABLE public.django_content_type ALTER COLUMN id ADD GENERATED BY DEFAULT AS IDENTITY (
    SEQUENCE NAME public.django_content_type_id_seq
    START WITH 1
    INCREMENT BY 1
    NO MINVALUE
    NO MAXVALUE
    CACHE 1
);


--
-- Name: django_migrations; Type: TABLE; Schema: public; Owner: postgres
--

CREATE TABLE public.django_migrations (
    id bigint NOT NULL,
    app character varying(255) NOT NULL,
    name character varying(255) NOT NULL,
    applied timestamp with time zone NOT NULL
);


ALTER TABLE public.django_migrations OWNER TO postgres;

--
-- Name: django_migrations_id_seq; Type: SEQUENCE; Schema: public; Owner: postgres
--

ALTER TABLE public.django_migrations ALTER COLUMN id ADD GENERATED BY DEFAULT AS IDENTITY (
    SEQUENCE NAME public.django_migrations_id_seq
    START WITH 1
    INCREMENT BY 1
    NO MINVALUE
    NO MAXVALUE
    CACHE 1
);


--
-- Name: django_session; Type: TABLE; Schema: public; Owner: postgres
--

CREATE TABLE public.django_session (
    session_key character varying(40) NOT NULL,
    session_data text NOT NULL,
    expire_date timestamp with time zone NOT NULL
);


ALTER TABLE public.django_session OWNER TO postgres;

--
-- Name: django_site; Type: TABLE; Schema: public; Owner: postgres
--

CREATE TABLE public.django_site (
    id integer NOT NULL,
    domain character varying(100) NOT NULL,
    name character varying(50) NOT NULL
);


ALTER TABLE public.django_site OWNER TO postgres;

--
-- Name: django_site_id_seq; Type: SEQUENCE; Schema: public; Owner: postgres
--

ALTER TABLE public.django_site ALTER COLUMN id ADD GENERATED BY DEFAULT AS IDENTITY (
    SEQUENCE NAME public.django_site_id_seq
    START WITH 1
    INCREMENT BY 1
    NO MINVALUE
    NO MAXVALUE
    CACHE 1
);


--
-- Name: proyectos_miembro; Type: TABLE; Schema: public; Owner: postgres
--

CREATE TABLE public.proyectos_miembro (
    id bigint NOT NULL,
    proyecto_id bigint NOT NULL,
    usuario_id integer
);


ALTER TABLE public.proyectos_miembro OWNER TO postgres;

--
-- Name: proyectos_miembro_id_seq; Type: SEQUENCE; Schema: public; Owner: postgres
--

ALTER TABLE public.proyectos_miembro ALTER COLUMN id ADD GENERATED BY DEFAULT AS IDENTITY (
    SEQUENCE NAME public.proyectos_miembro_id_seq
    START WITH 1
    INCREMENT BY 1
    NO MINVALUE
    NO MAXVALUE
    CACHE 1
);


--
-- Name: proyectos_miembro_rol; Type: TABLE; Schema: public; Owner: postgres
--

CREATE TABLE public.proyectos_miembro_rol (
    id bigint NOT NULL,
    miembro_id bigint NOT NULL,
    rol_id bigint NOT NULL
);


ALTER TABLE public.proyectos_miembro_rol OWNER TO postgres;

--
-- Name: proyectos_miembro_rol_id_seq; Type: SEQUENCE; Schema: public; Owner: postgres
--

ALTER TABLE public.proyectos_miembro_rol ALTER COLUMN id ADD GENERATED BY DEFAULT AS IDENTITY (
    SEQUENCE NAME public.proyectos_miembro_rol_id_seq
    START WITH 1
    INCREMENT BY 1
    NO MINVALUE
    NO MAXVALUE
    CACHE 1
);


--
-- Name: proyectos_miembro_userstory; Type: TABLE; Schema: public; Owner: postgres
--

CREATE TABLE public.proyectos_miembro_userstory (
    id bigint NOT NULL,
    miembro_id bigint NOT NULL,
    userstory_id bigint NOT NULL
);


ALTER TABLE public.proyectos_miembro_userstory OWNER TO postgres;

--
-- Name: proyectos_miembro_userstory_id_seq; Type: SEQUENCE; Schema: public; Owner: postgres
--

ALTER TABLE public.proyectos_miembro_userstory ALTER COLUMN id ADD GENERATED BY DEFAULT AS IDENTITY (
    SEQUENCE NAME public.proyectos_miembro_userstory_id_seq
    START WITH 1
    INCREMENT BY 1
    NO MINVALUE
    NO MAXVALUE
    CACHE 1
);


--
-- Name: proyectos_proyecto; Type: TABLE; Schema: public; Owner: postgres
--

CREATE TABLE public.proyectos_proyecto (
    id bigint NOT NULL,
    nombre character varying(50) NOT NULL,
    fecha_inicio date,
    fecha_fin date,
    descripcion text NOT NULL,
    estado character varying(25) NOT NULL
);


ALTER TABLE public.proyectos_proyecto OWNER TO postgres;

--
-- Name: proyectos_proyecto_id_seq; Type: SEQUENCE; Schema: public; Owner: postgres
--

ALTER TABLE public.proyectos_proyecto ALTER COLUMN id ADD GENERATED BY DEFAULT AS IDENTITY (
    SEQUENCE NAME public.proyectos_proyecto_id_seq
    START WITH 1
    INCREMENT BY 1
    NO MINVALUE
    NO MAXVALUE
    CACHE 1
);


--
-- Name: roles_permiso; Type: TABLE; Schema: public; Owner: postgres
--

CREATE TABLE public.roles_permiso (
    id bigint NOT NULL,
    nombre character varying(70) NOT NULL,
    es_admin boolean NOT NULL
);


ALTER TABLE public.roles_permiso OWNER TO postgres;

--
-- Name: roles_permission_id_seq; Type: SEQUENCE; Schema: public; Owner: postgres
--

ALTER TABLE public.roles_permiso ALTER COLUMN id ADD GENERATED BY DEFAULT AS IDENTITY (
    SEQUENCE NAME public.roles_permission_id_seq
    START WITH 1
    INCREMENT BY 1
    NO MINVALUE
    NO MAXVALUE
    CACHE 1
);


--
-- Name: roles_rol; Type: TABLE; Schema: public; Owner: postgres
--

CREATE TABLE public.roles_rol (
    id bigint NOT NULL,
    nombre character varying(50) NOT NULL,
    descripcion text,
    proyecto_id bigint
);


ALTER TABLE public.roles_rol OWNER TO postgres;

--
-- Name: roles_rol_id_seq; Type: SEQUENCE; Schema: public; Owner: postgres
--

ALTER TABLE public.roles_rol ALTER COLUMN id ADD GENERATED BY DEFAULT AS IDENTITY (
    SEQUENCE NAME public.roles_rol_id_seq
    START WITH 1
    INCREMENT BY 1
    NO MINVALUE
    NO MAXVALUE
    CACHE 1
);


--
-- Name: roles_rol_permiso; Type: TABLE; Schema: public; Owner: postgres
--

CREATE TABLE public.roles_rol_permiso (
    id bigint NOT NULL,
    rol_id bigint NOT NULL,
    permiso_id bigint NOT NULL
);


ALTER TABLE public.roles_rol_permiso OWNER TO postgres;

--
-- Name: roles_rol_permission_id_seq; Type: SEQUENCE; Schema: public; Owner: postgres
--

ALTER TABLE public.roles_rol_permiso ALTER COLUMN id ADD GENERATED BY DEFAULT AS IDENTITY (
    SEQUENCE NAME public.roles_rol_permission_id_seq
    START WITH 1
    INCREMENT BY 1
    NO MINVALUE
    NO MAXVALUE
    CACHE 1
);


--
-- Name: socialaccount_socialaccount; Type: TABLE; Schema: public; Owner: postgres
--

CREATE TABLE public.socialaccount_socialaccount (
    id integer NOT NULL,
    provider character varying(30) NOT NULL,
    uid character varying(191) NOT NULL,
    last_login timestamp with time zone NOT NULL,
    date_joined timestamp with time zone NOT NULL,
    extra_data text NOT NULL,
    user_id integer NOT NULL
);


ALTER TABLE public.socialaccount_socialaccount OWNER TO postgres;

--
-- Name: socialaccount_socialaccount_id_seq; Type: SEQUENCE; Schema: public; Owner: postgres
--

ALTER TABLE public.socialaccount_socialaccount ALTER COLUMN id ADD GENERATED BY DEFAULT AS IDENTITY (
    SEQUENCE NAME public.socialaccount_socialaccount_id_seq
    START WITH 1
    INCREMENT BY 1
    NO MINVALUE
    NO MAXVALUE
    CACHE 1
);


--
-- Name: socialaccount_socialapp; Type: TABLE; Schema: public; Owner: postgres
--

CREATE TABLE public.socialaccount_socialapp (
    id integer NOT NULL,
    provider character varying(30) NOT NULL,
    name character varying(40) NOT NULL,
    client_id character varying(191) NOT NULL,
    secret character varying(191) NOT NULL,
    key character varying(191) NOT NULL
);


ALTER TABLE public.socialaccount_socialapp OWNER TO postgres;

--
-- Name: socialaccount_socialapp_id_seq; Type: SEQUENCE; Schema: public; Owner: postgres
--

ALTER TABLE public.socialaccount_socialapp ALTER COLUMN id ADD GENERATED BY DEFAULT AS IDENTITY (
    SEQUENCE NAME public.socialaccount_socialapp_id_seq
    START WITH 1
    INCREMENT BY 1
    NO MINVALUE
    NO MAXVALUE
    CACHE 1
);


--
-- Name: socialaccount_socialapp_sites; Type: TABLE; Schema: public; Owner: postgres
--

CREATE TABLE public.socialaccount_socialapp_sites (
    id bigint NOT NULL,
    socialapp_id integer NOT NULL,
    site_id integer NOT NULL
);


ALTER TABLE public.socialaccount_socialapp_sites OWNER TO postgres;

--
-- Name: socialaccount_socialapp_sites_id_seq; Type: SEQUENCE; Schema: public; Owner: postgres
--

ALTER TABLE public.socialaccount_socialapp_sites ALTER COLUMN id ADD GENERATED BY DEFAULT AS IDENTITY (
    SEQUENCE NAME public.socialaccount_socialapp_sites_id_seq
    START WITH 1
    INCREMENT BY 1
    NO MINVALUE
    NO MAXVALUE
    CACHE 1
);


--
-- Name: socialaccount_socialtoken; Type: TABLE; Schema: public; Owner: postgres
--

CREATE TABLE public.socialaccount_socialtoken (
    id integer NOT NULL,
    token text NOT NULL,
    token_secret text NOT NULL,
    expires_at timestamp with time zone,
    account_id integer NOT NULL,
    app_id integer NOT NULL
);


ALTER TABLE public.socialaccount_socialtoken OWNER TO postgres;

--
-- Name: socialaccount_socialtoken_id_seq; Type: SEQUENCE; Schema: public; Owner: postgres
--

ALTER TABLE public.socialaccount_socialtoken ALTER COLUMN id ADD GENERATED BY DEFAULT AS IDENTITY (
    SEQUENCE NAME public.socialaccount_socialtoken_id_seq
    START WITH 1
    INCREMENT BY 1
    NO MINVALUE
    NO MAXVALUE
    CACHE 1
);


--
-- Name: sprints_desarrollador; Type: TABLE; Schema: public; Owner: postgres
--

CREATE TABLE public.sprints_desarrollador (
    id bigint NOT NULL,
    capacidad_por_dia integer NOT NULL,
    miembro_id bigint,
    sprint_id bigint NOT NULL,
    capacidad_total integer NOT NULL
);


ALTER TABLE public.sprints_desarrollador OWNER TO postgres;

--
-- Name: sprints_desarrollador_id_seq; Type: SEQUENCE; Schema: public; Owner: postgres
--

ALTER TABLE public.sprints_desarrollador ALTER COLUMN id ADD GENERATED BY DEFAULT AS IDENTITY (
    SEQUENCE NAME public.sprints_desarrollador_id_seq
    START WITH 1
    INCREMENT BY 1
    NO MINVALUE
    NO MAXVALUE
    CACHE 1
);


--
-- Name: sprints_desarrollador_userstory; Type: TABLE; Schema: public; Owner: postgres
--

CREATE TABLE public.sprints_desarrollador_userstory (
    id bigint NOT NULL,
    desarrollador_id bigint NOT NULL,
    userstory_id bigint NOT NULL
);


ALTER TABLE public.sprints_desarrollador_userstory OWNER TO postgres;

--
-- Name: sprints_desarrollador_userstory_id_seq; Type: SEQUENCE; Schema: public; Owner: postgres
--

ALTER TABLE public.sprints_desarrollador_userstory ALTER COLUMN id ADD GENERATED BY DEFAULT AS IDENTITY (
    SEQUENCE NAME public.sprints_desarrollador_userstory_id_seq
    START WITH 1
    INCREMENT BY 1
    NO MINVALUE
    NO MAXVALUE
    CACHE 1
);


--
-- Name: sprints_sprint; Type: TABLE; Schema: public; Owner: postgres
--

CREATE TABLE public.sprints_sprint (
    id bigint NOT NULL,
    nombre character varying(50) NOT NULL,
    descripcion text,
    duracion integer,
    capacidad integer,
    estado character varying(25) NOT NULL,
    proyecto_id bigint,
    fecha_fin date,
    fecha_inicio date,
    CONSTRAINT sprints_sprint_capacidad_check CHECK ((capacidad >= 0)),
    CONSTRAINT sprints_sprint_duracion_check CHECK ((duracion >= 0))
);


ALTER TABLE public.sprints_sprint OWNER TO postgres;

--
-- Name: sprints_sprint_id_seq; Type: SEQUENCE; Schema: public; Owner: postgres
--

ALTER TABLE public.sprints_sprint ALTER COLUMN id ADD GENERATED BY DEFAULT AS IDENTITY (
    SEQUENCE NAME public.sprints_sprint_id_seq
    START WITH 1
    INCREMENT BY 1
    NO MINVALUE
    NO MAXVALUE
    CACHE 1
);


--
-- Name: tableros_tablero; Type: TABLE; Schema: public; Owner: postgres
--

CREATE TABLE public.tableros_tablero (
    id bigint NOT NULL,
    campos text NOT NULL,
    tipo_us_id bigint
);


ALTER TABLE public.tableros_tablero OWNER TO postgres;

--
-- Name: tableros_tablero_id_seq; Type: SEQUENCE; Schema: public; Owner: postgres
--

ALTER TABLE public.tableros_tablero ALTER COLUMN id ADD GENERATED BY DEFAULT AS IDENTITY (
    SEQUENCE NAME public.tableros_tablero_id_seq
    START WITH 1
    INCREMENT BY 1
    NO MINVALUE
    NO MAXVALUE
    CACHE 1
);


--
-- Name: tipo_us_miembrotipous; Type: TABLE; Schema: public; Owner: postgres
--

CREATE TABLE public.tipo_us_miembrotipous (
    id bigint NOT NULL,
    proyecto_id bigint NOT NULL,
    tipo_us_id bigint
);


ALTER TABLE public.tipo_us_miembrotipous OWNER TO postgres;

--
-- Name: tipo_us_miembrotipous_id_seq; Type: SEQUENCE; Schema: public; Owner: postgres
--

ALTER TABLE public.tipo_us_miembrotipous ALTER COLUMN id ADD GENERATED BY DEFAULT AS IDENTITY (
    SEQUENCE NAME public.tipo_us_miembrotipous_id_seq
    START WITH 1
    INCREMENT BY 1
    NO MINVALUE
    NO MAXVALUE
    CACHE 1
);


--
-- Name: tipo_us_tipo_us; Type: TABLE; Schema: public; Owner: postgres
--

CREATE TABLE public.tipo_us_tipo_us (
    id bigint NOT NULL,
    nombre character varying(50) NOT NULL,
    fecha_creacion date,
    descripcion character varying(50) NOT NULL,
    campos text
);


ALTER TABLE public.tipo_us_tipo_us OWNER TO postgres;

--
-- Name: tipo_us_tipo_us_id_seq; Type: SEQUENCE; Schema: public; Owner: postgres
--

ALTER TABLE public.tipo_us_tipo_us ALTER COLUMN id ADD GENERATED BY DEFAULT AS IDENTITY (
    SEQUENCE NAME public.tipo_us_tipo_us_id_seq
    START WITH 1
    INCREMENT BY 1
    NO MINVALUE
    NO MAXVALUE
    CACHE 1
);


--
-- Name: userstory_nota; Type: TABLE; Schema: public; Owner: postgres
--

CREATE TABLE public.userstory_nota (
    id bigint NOT NULL,
    fecha timestamp with time zone,
    mensaje text,
    creador_id bigint,
    userstory_id bigint NOT NULL
);


ALTER TABLE public.userstory_nota OWNER TO postgres;

--
-- Name: userstory_nota_id_seq; Type: SEQUENCE; Schema: public; Owner: postgres
--

ALTER TABLE public.userstory_nota ALTER COLUMN id ADD GENERATED BY DEFAULT AS IDENTITY (
    SEQUENCE NAME public.userstory_nota_id_seq
    START WITH 1
    INCREMENT BY 1
    NO MINVALUE
    NO MAXVALUE
    CACHE 1
);


--
-- Name: userstory_tarea; Type: TABLE; Schema: public; Owner: postgres
--

CREATE TABLE public.userstory_tarea (
    id bigint NOT NULL,
    horas_trabajadas integer,
    mensaje text,
    creador_id bigint,
    userstory_id bigint NOT NULL,
    fecha timestamp with time zone,
    CONSTRAINT userstory_tarea_horas_trabajadas_check CHECK ((horas_trabajadas >= 0))
);


ALTER TABLE public.userstory_tarea OWNER TO postgres;

--
-- Name: userstory_tarea_id_seq; Type: SEQUENCE; Schema: public; Owner: postgres
--

ALTER TABLE public.userstory_tarea ALTER COLUMN id ADD GENERATED BY DEFAULT AS IDENTITY (
    SEQUENCE NAME public.userstory_tarea_id_seq
    START WITH 1
    INCREMENT BY 1
    NO MINVALUE
    NO MAXVALUE
    CACHE 1
);


--
-- Name: userstory_userstory; Type: TABLE; Schema: public; Owner: postgres
--

CREATE TABLE public.userstory_userstory (
    id bigint NOT NULL,
    nombre character varying(50) NOT NULL,
    descripcion text,
    horas_estimadas integer,
    user_point integer,
    business_value integer,
    autor text,
    aprobado boolean NOT NULL,
    fecha_creacion date,
    proyecto_id bigint,
    tipo_us_id bigint NOT NULL,
    sprint_previo integer,
    prioridad numeric(5,2),
    sprint_id bigint,
    estado text NOT NULL,
    asignado boolean NOT NULL,
    CONSTRAINT userstory_userstory_business_value_check CHECK ((business_value >= 0)),
    CONSTRAINT userstory_userstory_horas_estimadas_check CHECK ((horas_estimadas >= 0)),
    CONSTRAINT userstory_userstory_user_point_check CHECK ((user_point >= 0))
);


ALTER TABLE public.userstory_userstory OWNER TO postgres;

--
-- Name: userstory_userstory_id_seq; Type: SEQUENCE; Schema: public; Owner: postgres
--

ALTER TABLE public.userstory_userstory ALTER COLUMN id ADD GENERATED BY DEFAULT AS IDENTITY (
    SEQUENCE NAME public.userstory_userstory_id_seq
    START WITH 1
    INCREMENT BY 1
    NO MINVALUE
    NO MAXVALUE
    CACHE 1
);


--
-- Name: usuarios_usuario; Type: TABLE; Schema: public; Owner: postgres
--

CREATE TABLE public.usuarios_usuario (
    ci integer,
    telefono character varying(50),
    fecha_nac date,
    user_id integer NOT NULL
);


ALTER TABLE public.usuarios_usuario OWNER TO postgres;

--
-- Name: usuarios_usuario_rol; Type: TABLE; Schema: public; Owner: postgres
--

CREATE TABLE public.usuarios_usuario_rol (
    id bigint NOT NULL,
    usuario_id bigint NOT NULL,
    rol_id bigint NOT NULL
);


ALTER TABLE public.usuarios_usuario_rol OWNER TO postgres;

--
-- Name: usuarios_usuario_rol_id_seq; Type: SEQUENCE; Schema: public; Owner: postgres
--

ALTER TABLE public.usuarios_usuario_rol ALTER COLUMN id ADD GENERATED BY DEFAULT AS IDENTITY (
    SEQUENCE NAME public.usuarios_usuario_rol_id_seq
    START WITH 1
    INCREMENT BY 1
    NO MINVALUE
    NO MAXVALUE
    CACHE 1
);


--
-- Data for Name: account_emailaddress; Type: TABLE DATA; Schema: public; Owner: postgres
--

COPY public.account_emailaddress (id, email, verified, "primary", user_id) FROM stdin;
1	test@gmail.com	f	t	4
3	jose@gmail.com	f	t	14
4	mdp@gmail.com	f	t	15
5	marcelo@gmail.com	f	t	16
\.


--
-- Data for Name: account_emailconfirmation; Type: TABLE DATA; Schema: public; Owner: postgres
--

COPY public.account_emailconfirmation (id, created, sent, key, email_address_id) FROM stdin;
\.


--
-- Data for Name: auth_group; Type: TABLE DATA; Schema: public; Owner: postgres
--

COPY public.auth_group (id, name) FROM stdin;
\.


--
-- Data for Name: auth_group_permissions; Type: TABLE DATA; Schema: public; Owner: postgres
--

COPY public.auth_group_permissions (id, group_id, permission_id) FROM stdin;
\.


--
-- Data for Name: auth_permission; Type: TABLE DATA; Schema: public; Owner: postgres
--

COPY public.auth_permission (id, name, content_type_id, codename) FROM stdin;
1	Can add log entry	1	add_logentry
2	Can change log entry	1	change_logentry
3	Can delete log entry	1	delete_logentry
4	Can view log entry	1	view_logentry
5	Can add permission	2	add_permission
6	Can change permission	2	change_permission
7	Can delete permission	2	delete_permission
8	Can view permission	2	view_permission
9	Can add group	3	add_group
10	Can change group	3	change_group
11	Can delete group	3	delete_group
12	Can view group	3	view_group
13	Can add user	4	add_user
14	Can change user	4	change_user
15	Can delete user	4	delete_user
16	Can view user	4	view_user
17	Can add content type	5	add_contenttype
18	Can change content type	5	change_contenttype
19	Can delete content type	5	delete_contenttype
20	Can view content type	5	view_contenttype
21	Can add session	6	add_session
22	Can change session	6	change_session
23	Can delete session	6	delete_session
24	Can view session	6	view_session
25	Can add permiso	7	add_permiso
26	Can change permiso	7	change_permiso
27	Can delete permiso	7	delete_permiso
28	Can view permiso	7	view_permiso
29	Can add rol	8	add_rol
30	Can change rol	8	change_rol
31	Can delete rol	8	delete_rol
32	Can view rol	8	view_rol
33	Can add site	9	add_site
34	Can change site	9	change_site
35	Can delete site	9	delete_site
36	Can view site	9	view_site
37	Can add email address	10	add_emailaddress
38	Can change email address	10	change_emailaddress
39	Can delete email address	10	delete_emailaddress
40	Can view email address	10	view_emailaddress
41	Can add email confirmation	11	add_emailconfirmation
42	Can change email confirmation	11	change_emailconfirmation
43	Can delete email confirmation	11	delete_emailconfirmation
44	Can view email confirmation	11	view_emailconfirmation
45	Can add social account	12	add_socialaccount
46	Can change social account	12	change_socialaccount
47	Can delete social account	12	delete_socialaccount
48	Can view social account	12	view_socialaccount
49	Can add social application	13	add_socialapp
50	Can change social application	13	change_socialapp
51	Can delete social application	13	delete_socialapp
52	Can view social application	13	view_socialapp
53	Can add social application token	14	add_socialtoken
54	Can change social application token	14	change_socialtoken
55	Can delete social application token	14	delete_socialtoken
56	Can view social application token	14	view_socialtoken
57	Can add usuario	15	add_usuario
58	Can change usuario	15	change_usuario
59	Can delete usuario	15	delete_usuario
60	Can view usuario	15	view_usuario
61	Can add proyecto	16	add_proyecto
62	Can change proyecto	16	change_proyecto
63	Can delete proyecto	16	delete_proyecto
64	Can view proyecto	16	view_proyecto
65	Can add miembro	17	add_miembro
66	Can change miembro	17	change_miembro
67	Can delete miembro	17	delete_miembro
68	Can view miembro	17	view_miembro
69	Can add tipo_us	18	add_tipo_us
70	Can change tipo_us	18	change_tipo_us
71	Can delete tipo_us	18	delete_tipo_us
72	Can view tipo_us	18	view_tipo_us
73	Can add user story	19	add_userstory
74	Can change user story	19	change_userstory
75	Can delete user story	19	delete_userstory
76	Can view user story	19	view_userstory
77	Can add miembro tipo us	20	add_miembrotipous
78	Can change miembro tipo us	20	change_miembrotipous
79	Can delete miembro tipo us	20	delete_miembrotipous
80	Can view miembro tipo us	20	view_miembrotipous
81	Can add sprint	21	add_sprint
82	Can change sprint	21	change_sprint
83	Can delete sprint	21	delete_sprint
84	Can view sprint	21	view_sprint
114	Can add tablero	54	add_tablero
115	Can change tablero	54	change_tablero
116	Can delete tablero	54	delete_tablero
117	Can view tablero	54	view_tablero
118	Can add desarrollador	55	add_desarrollador
119	Can change desarrollador	55	change_desarrollador
120	Can delete desarrollador	55	delete_desarrollador
121	Can view desarrollador	55	view_desarrollador
122	Can add tarea	56	add_tarea
123	Can change tarea	56	change_tarea
124	Can delete tarea	56	delete_tarea
125	Can view tarea	56	view_tarea
126	Can add nota	57	add_nota
127	Can change nota	57	change_nota
128	Can delete nota	57	delete_nota
129	Can view nota	57	view_nota
\.


--
-- Data for Name: auth_user; Type: TABLE DATA; Schema: public; Owner: postgres
--

COPY public.auth_user (id, password, last_login, is_superuser, username, first_name, last_name, email, is_staff, is_active, date_joined) FROM stdin;
15	pbkdf2_sha256$390000$uBbeGOpeHAmJDQW0TJcLoE$wKPaDCYiyt/Nw8oh1eUCUet2CfSSdtXmJt8XF5UsZ7k=	2022-11-04 00:08:32.43228-03	f	miguel			mdp@gmail.com	f	t	2022-11-03 20:44:06.545788-03
3	!qV2xBuugrzOLn0pQBL62rVJQOVHA16PzPUdNMJqQ	2022-11-04 00:10:17.394319-03	f	angel_sebastian	Angel Sebastian	Ferreira Caballero		f	t	2022-09-08 22:38:55-04
4	pbkdf2_sha256$390000$AhErgBFyf3bMOWmF1umNm2$2sexbLP/X115CropUBBiKMP50EAN+ugPhvwmXkSquOw=	2022-09-09 13:49:02.612741-04	f	test_usuario			test@gmail.com	f	t	2022-09-09 08:45:49.916672-04
10	pbkdf2_sha256$390000$9XcWOepQerZQrn6XGJ81wA$TsS5j32h2FnKBshctWgV0QCNV2S6KXk4bFCDbi3b4Qw=	2022-11-03 21:57:22.104126-03	f	usuario_prueba				f	t	2022-09-29 14:47:09.62666-04
16	pbkdf2_sha256$390000$VuWQ42LTFIeG5AJ0R544us$Wj4TbOhorRfOz3sYRIIRe/4TjXJeD+LkhX5x4/6W11Y=	2022-11-03 22:22:02.730748-03	f	marcelo			marcelo@gmail.com	f	t	2022-11-03 20:44:33.574769-03
1	pbkdf2_sha256$390000$VZjdp9kxOQUTFPeaLN52RM$6eIqKTojsLP4vEByYdyKRhOI8eaJEK0yqj/3WgG/kFU=	2022-11-03 23:02:58.554046-03	t	admin			admin@gmail.com	t	t	2022-09-08 22:14:47-04
2	pbkdf2_sha256$390000$gtkZRGncbZGAlK4eifAByt$sQmleNMyQH9R2+gENuB7wL+TP7NOjS1veRJ91VzpHNM=	2022-11-03 19:01:32.107088-03	f	carlitos	Carlos	Gimenez	tadeo@gmail.com	f	t	2022-09-08 22:23:55-04
14	pbkdf2_sha256$390000$wWJGxqsm9uCt687wk6BVzy$c7j91LmcH09b3Eb2RNvpSjKie7cD/Q/SxEzoiXEokeg=	2022-11-03 23:57:08.690911-03	f	jose			jose@gmail.com	f	t	2022-11-03 20:43:33.241164-03
\.


--
-- Data for Name: auth_user_groups; Type: TABLE DATA; Schema: public; Owner: postgres
--

COPY public.auth_user_groups (id, user_id, group_id) FROM stdin;
\.


--
-- Data for Name: auth_user_user_permissions; Type: TABLE DATA; Schema: public; Owner: postgres
--

COPY public.auth_user_user_permissions (id, user_id, permission_id) FROM stdin;
\.


--
-- Data for Name: django_admin_log; Type: TABLE DATA; Schema: public; Owner: postgres
--

COPY public.django_admin_log (id, action_time, object_id, object_repr, action_flag, change_message, content_type_id, user_id) FROM stdin;
1	2022-09-08 22:15:20.550627-04	1	Crear Rol	1	[{"added": {}}]	7	1
2	2022-09-08 22:15:31.708863-04	2	Crear Permiso	1	[{"added": {}}]	7	1
3	2022-09-08 22:15:36.702697-04	3	Modificar Rol	1	[{"added": {}}]	7	1
4	2022-09-08 22:15:41.301932-04	4	Eliminar Rol	1	[{"added": {}}]	7	1
5	2022-09-08 22:15:49.163102-04	5	Visualizar Usuarios	1	[{"added": {}}]	7	1
6	2022-09-08 22:15:52.534145-04	6	Visualizar Permisos	1	[{"added": {}}]	7	1
7	2022-09-08 22:15:56.611491-04	7	Visualizar Roles	1	[{"added": {}}]	7	1
8	2022-09-08 22:16:14.991973-04	8	Default	1	[{"added": {}}]	7	1
9	2022-09-08 22:16:35.25025-04	1	Administrador	1	[{"added": {}}]	8	1
10	2022-09-08 22:16:52.31064-04	1	admin	2	[{"changed": {"name": "usuario", "object": "admin", "fields": ["Rol"]}}]	4	1
11	2022-09-08 22:17:18.373353-04	1	Proyecto 1	1	[{"added": {}}, {"added": {"name": "miembro", "object": "Miembro object (1)"}}]	16	1
12	2022-09-08 22:19:27.259223-04	2	Scrum Master	1	[{"added": {}}]	8	1
13	2022-09-08 22:19:37.759011-04	1	admin	2	[{"changed": {"name": "usuario", "object": "admin", "fields": ["Rol"]}}]	4	1
14	2022-09-08 22:19:48.131736-04	1	Proyecto 1	2	[{"changed": {"name": "miembro", "object": "Miembro object (1)", "fields": ["Rol"]}}]	16	1
15	2022-09-08 22:20:55.003328-04	2	Scrum Master	2	[{"changed": {"fields": ["Permiso"]}}]	8	1
16	2022-09-08 22:21:26.366861-04	1	admin	2	[{"changed": {"name": "usuario", "object": "admin", "fields": ["Rol"]}}]	4	1
17	2022-09-08 22:28:29.303921-04	3	Developers	1	[{"added": {}}]	8	1
18	2022-09-08 22:28:38.528691-04	2	carlitos	2	[{"changed": {"name": "usuario", "object": "carlitos", "fields": ["Rol"]}}]	4	1
19	2022-09-08 22:30:02.435384-04	1	Proyecto 1	2	[{"added": {"name": "miembro", "object": "Miembro object (2)"}}]	16	1
20	2022-09-08 22:37:27.74488-04	1	localhost	2	[{"changed": {"fields": ["Domain name", "Display name"]}}]	9	1
21	2022-09-08 22:38:17.062916-04	1	Autenticacion Grupo 6	1	[{"added": {}}]	13	1
22	2022-09-08 22:38:22.344813-04	1	Autenticacion Grupo 6	2	[{"changed": {"fields": ["Sites"]}}]	13	1
23	2022-09-08 22:38:27.610091-04	1	Autenticacion Grupo 6	2	[]	13	1
24	2022-09-08 22:38:31.020153-04	1	Autenticacion Grupo 6	2	[]	13	1
25	2022-09-08 22:40:53.0482-04	3	angel_sebastian	2	[{"changed": {"name": "usuario", "object": "angel_sebastian", "fields": ["Rol"]}}]	4	1
26	2022-09-08 22:58:50.647009-04	1	Proyecto 1	2	[{"changed": {"fields": ["Estado"]}}]	16	1
27	2022-09-08 22:59:00.619588-04	1	Proyecto 1	2	[{"changed": {"fields": ["Estado"]}}]	16	1
28	2022-09-08 23:21:51.843696-04	1	Proyecto 1	2	[{"changed": {"fields": ["Estado"]}}]	16	1
29	2022-09-08 23:26:54.718143-04	1	Proyecto 1	2	[{"changed": {"fields": ["Estado"]}}]	16	1
30	2022-09-08 23:40:27.521185-04	1	Proyecto 1	2	[{"changed": {"fields": ["Fecha inicio", "Fecha fin", "Estado"]}}]	16	1
31	2022-09-08 23:46:01.803118-04	1	Proyecto 1	2	[{"changed": {"fields": ["Fecha inicio", "Fecha fin", "Estado"]}}]	16	1
32	2022-09-08 23:49:50.445671-04	1	Proyecto 1	2	[{"changed": {"fields": ["Fecha inicio", "Fecha fin", "Estado"]}}]	16	1
33	2022-09-08 23:49:55.548207-04	1	Proyecto 1	2	[]	16	1
34	2022-09-09 00:56:40.776052-04	1	Administrador	2	[{"changed": {"fields": ["Permiso"]}}]	8	1
35	2022-09-09 00:59:24.291868-04	9	Crear Proyecto	1	[{"added": {}}]	7	1
36	2022-09-09 01:15:07.030364-04	1	Proyecto 1	2	[{"added": {"name": "miembro", "object": "Miembro object (4)"}}]	16	1
37	2022-09-09 01:22:40.612491-04	1	Administrador	2	[{"changed": {"fields": ["Permiso"]}}]	8	1
38	2022-09-09 01:23:52.907009-04	1	Administrador	2	[{"changed": {"fields": ["Permiso"]}}]	8	1
39	2022-09-09 01:24:02.47073-04	1	Administrador	2	[{"changed": {"fields": ["Permiso"]}}]	8	1
40	2022-09-09 01:25:38.988286-04	3	angel_sebastian	2	[{"changed": {"name": "usuario", "object": "angel_sebastian", "fields": ["Rol"]}}]	4	1
73	2022-09-09 08:40:54.683255-04	1	Proyecto 1	2	[{"changed": {"name": "miembro", "object": "Miembro object (6)", "fields": ["Rol"]}}]	16	1
74	2022-09-09 08:41:18.164375-04	10	Iniciar Proyecto	1	[{"added": {}}]	7	1
75	2022-09-09 08:41:25.986618-04	2	Scrum Master	2	[{"changed": {"fields": ["Permiso"]}}]	8	1
76	2022-09-09 08:43:55.081784-04	11	Finalizar Proyecto	1	[{"added": {}}]	7	1
77	2022-09-09 08:44:02.025625-04	12	Cancelar Proyecto	1	[{"added": {}}]	7	1
78	2022-09-09 08:44:17.373598-04	13	Asignar Miembros	1	[{"added": {}}]	7	1
79	2022-09-09 08:44:24.404264-04	14	Desasignar Miembros	1	[{"added": {}}]	7	1
80	2022-09-09 08:44:36.343503-04	2	Scrum Master	2	[{"changed": {"fields": ["Permiso"]}}]	8	1
81	2022-09-09 08:47:24.866885-04	1	Proyecto 1	2	[{"changed": {"name": "miembro", "object": "Miembro object (2)", "fields": ["Usuario", "Rol"]}}]	16	1
82	2022-09-09 08:51:38.133501-04	1	Administrador	2	[{"changed": {"fields": ["Permiso"]}}]	8	1
83	2022-09-09 08:51:46.715924-04	2	Proyecto 2	2	[{"added": {"name": "miembro", "object": "Miembro object (39)"}}]	16	1
84	2022-09-09 09:27:17.63116-04	1	Proyecto 1	2	[{"changed": {"fields": ["Fecha inicio", "Fecha fin", "Estado"]}}]	16	1
85	2022-09-09 10:07:47.200679-04	8	Test de Proyecto	2	[{"changed": {"fields": ["Fecha inicio", "Fecha fin", "Estado"]}}]	16	1
86	2022-09-09 11:05:38.863224-04	1	Administrador	2	[{"changed": {"fields": ["Permiso"]}}]	8	1
345	2022-11-03 23:03:52.970062-03	20	Administrar proyecto	2	[{"changed": {"fields": ["Sprint"]}}]	19	1
346	2022-11-03 23:08:29.406522-03	57	Sprint 1	2	[{"changed": {"fields": ["Capacidad"]}}]	21	1
347	2022-11-03 23:11:24.968363-03	57	Sprint 1	2	[{"changed": {"fields": ["Capacidad"]}}]	21	1
348	2022-11-03 23:11:30.876798-03	57	Sprint 1	2	[{"deleted": {"name": "desarrollador", "object": "angel_sebastian"}}, {"deleted": {"name": "desarrollador", "object": "jose"}}]	21	1
349	2022-11-03 23:23:36.160654-03	57	Sprint 1	2	[{"changed": {"fields": ["Capacidad"]}}, {"deleted": {"name": "desarrollador", "object": "angel_sebastian"}}, {"deleted": {"name": "desarrollador", "object": "jose"}}]	21	1
350	2022-11-03 23:23:50.177008-03	57	Sprint 1	2	[{"changed": {"fields": ["Duracion"]}}]	21	1
351	2022-11-03 23:25:14.812261-03	57	Sprint 1	2	[{"changed": {"fields": ["Duracion"]}}, {"deleted": {"name": "desarrollador", "object": "angel_sebastian"}}, {"deleted": {"name": "desarrollador", "object": "jose"}}]	21	1
352	2022-11-03 23:26:07.095814-03	57	Sprint 1	2	[{"changed": {"fields": ["Duracion", "Capacidad"]}}, {"deleted": {"name": "desarrollador", "object": "angel_sebastian"}}, {"deleted": {"name": "desarrollador", "object": "jose"}}]	21	1
353	2022-11-03 23:26:41.010626-03	57	Sprint 1	2	[{"changed": {"fields": ["Capacidad"]}}, {"deleted": {"name": "desarrollador", "object": "angel_sebastian"}}, {"deleted": {"name": "desarrollador", "object": "jose"}}]	21	1
354	2022-11-03 23:32:22.860635-03	57	Sprint 1	2	[{"changed": {"fields": ["Estado"]}}]	21	1
\.


--
-- Data for Name: django_content_type; Type: TABLE DATA; Schema: public; Owner: postgres
--

COPY public.django_content_type (id, app_label, model) FROM stdin;
1	admin	logentry
2	auth	permission
3	auth	group
4	auth	user
5	contenttypes	contenttype
6	sessions	session
7	roles	permiso
8	roles	rol
9	sites	site
10	account	emailaddress
11	account	emailconfirmation
12	socialaccount	socialaccount
13	socialaccount	socialapp
14	socialaccount	socialtoken
15	usuarios	usuario
16	proyectos	proyecto
17	proyectos	miembro
18	tipo_us	tipo_us
19	userstory	userstory
20	tipo_us	miembrotipous
21	sprints	sprint
54	tableros	tablero
55	sprints	desarrollador
56	userstory	tarea
57	userstory	nota
\.


--
-- Data for Name: django_migrations; Type: TABLE DATA; Schema: public; Owner: postgres
--

COPY public.django_migrations (id, app, name, applied) FROM stdin;
1	contenttypes	0001_initial	2022-09-08 22:14:09.450376-04
2	auth	0001_initial	2022-09-08 22:14:09.524277-04
3	account	0001_initial	2022-09-08 22:14:09.55638-04
4	account	0002_email_max_length	2022-09-08 22:14:09.570161-04
5	admin	0001_initial	2022-09-08 22:14:09.595555-04
6	admin	0002_logentry_remove_auto_add	2022-09-08 22:14:09.60648-04
7	admin	0003_logentry_add_action_flag_choices	2022-09-08 22:14:09.620255-04
8	contenttypes	0002_remove_content_type_name	2022-09-08 22:14:09.642261-04
9	auth	0002_alter_permission_name_max_length	2022-09-08 22:14:09.659149-04
10	auth	0003_alter_user_email_max_length	2022-09-08 22:14:09.670784-04
11	auth	0004_alter_user_username_opts	2022-09-08 22:14:09.680731-04
12	auth	0005_alter_user_last_login_null	2022-09-08 22:14:09.696131-04
13	auth	0006_require_contenttypes_0002	2022-09-08 22:14:09.698739-04
14	auth	0007_alter_validators_add_error_messages	2022-09-08 22:14:09.705846-04
15	auth	0008_alter_user_username_max_length	2022-09-08 22:14:09.724603-04
16	auth	0009_alter_user_last_name_max_length	2022-09-08 22:14:09.742568-04
17	auth	0010_alter_group_name_max_length	2022-09-08 22:14:09.762393-04
18	auth	0011_update_proxy_permissions	2022-09-08 22:14:09.779521-04
19	auth	0012_alter_user_first_name_max_length	2022-09-08 22:14:09.786807-04
20	roles	0001_initial	2022-09-08 22:14:09.819288-04
21	roles	0002_rename_rol_role	2022-09-08 22:14:09.84654-04
22	roles	0003_alter_role_description	2022-09-08 22:14:09.85742-04
23	roles	0004_rename_permission_permiso_rename_role_rol_and_more	2022-09-08 22:14:09.907482-04
24	usuarios	0001_initial	2022-09-08 22:14:09.941081-04
25	usuarios	0002_remove_usuario_id_alter_usuario_user	2022-09-08 22:14:09.972509-04
26	proyectos	0001_initial	2022-09-08 22:14:10.008076-04
27	sessions	0001_initial	2022-09-08 22:14:10.020942-04
28	sites	0001_initial	2022-09-08 22:14:10.027206-04
29	sites	0002_alter_domain_unique	2022-09-08 22:14:10.039144-04
30	socialaccount	0001_initial	2022-09-08 22:14:10.12255-04
31	socialaccount	0002_token_max_lengths	2022-09-08 22:14:10.148462-04
32	socialaccount	0003_extra_data_default_dict	2022-09-08 22:14:10.165282-04
33	proyectos	0002_alter_miembro_rol_alter_miembro_usuario	2022-09-08 22:29:44.384475-04
34	roles	0005_rol_proyecto	2022-09-25 00:07:31.837434-04
35	roles	0006_alter_rol_nombre	2022-09-25 18:55:20.581837-04
36	roles	0007_alter_rol_proyecto	2022-09-25 19:33:54.807793-04
37	roles	0008_permiso_es_admin	2022-09-25 19:49:04.918669-04
38	proyectos	0003_remove_miembro_rol_miembro_rol	2022-09-26 01:11:50.000834-04
39	proyectos	0004_alter_miembro_rol	2022-09-26 01:11:50.03131-04
40	tipo_us	0001_initial	2022-09-29 15:03:03.202305-04
41	userstory	0001_initial	2022-09-29 15:03:03.254559-04
42	tipo_us	0002_miembrotipous	2022-09-29 18:38:42.013517-04
43	userstory	0002_userstory_sprint_previo	2022-10-12 09:40:20.85828-03
44	userstory	0003_userstory_prioridad_alter_userstory_sprint_previo	2022-10-12 09:44:01.840102-03
45	userstory	0004_alter_userstory_tipo_us	2022-10-12 10:00:33.579892-03
46	userstory	0005_alter_userstory_autor	2022-10-12 10:09:55.606913-03
47	userstory	0006_alter_userstory_autor	2022-10-12 10:11:46.068548-03
48	userstory	0007_alter_userstory_sprint_previo	2022-10-12 10:29:18.44594-03
49	tipo_us	0003_tipo_us_campos	2022-10-12 18:58:24.782378-03
50	userstory	0008_userstory_usuario	2022-10-13 21:09:53.891829-03
51	sprints	0001_initial	2022-10-13 21:12:09.556217-03
52	userstory	0009_userstory_sprint	2022-10-13 21:12:19.337959-03
84	sprints	0002_sprint_fecha_fin_sprint_fecha_inicio	2022-10-14 22:59:05.772478-03
85	proyectos	0005_miembro_capacidad	2022-10-16 19:24:20.279129-03
86	tableros	0001_initial	2022-10-16 20:15:22.198287-03
87	userstory	0010_userstory_campo	2022-10-16 22:36:09.301819-03
88	userstory	0011_remove_userstory_usuario	2022-10-17 01:52:09.145501-03
89	proyectos	0006_miembro_userstory	2022-10-17 01:52:09.168895-03
90	proyectos	0007_remove_miembro_userstory_miembro_userstory	2022-10-17 10:54:56.506852-03
91	proyectos	0008_alter_miembro_userstory	2022-10-17 10:54:56.532492-03
92	userstory	0012_alter_userstory_prioridad	2022-10-26 23:58:22.79395-03
93	userstory	0013_alter_userstory_prioridad	2022-10-27 00:00:36.570177-03
94	userstory	0014_alter_userstory_descripcion	2022-10-27 00:47:24.006106-03
127	proyectos	0009_remove_miembro_capacidad	2022-10-29 19:55:32.395818-03
128	sprints	0003_desarrollador	2022-10-29 20:10:06.874179-03
129	sprints	0004_rename_capacidad_desarrollador_capacidad_por_dia_and_more	2022-10-30 00:15:51.304693-03
130	userstory	0015_userstory_asignado	2022-11-01 23:55:02.462988-03
131	userstory	0016_rename_campo_userstory_estado_tarea_nota	2022-11-02 18:05:04.343498-03
132	userstory	0017_tarea_fecha	2022-11-03 15:24:59.74863-03
133	userstory	0018_alter_nota_fecha	2022-11-03 17:46:06.48729-03
134	roles	0009_alter_rol_permiso	2022-11-03 17:59:13.684294-03
135	roles	0010_alter_rol_permiso	2022-11-03 17:59:13.713171-03
136	proyectos	0010_alter_proyecto_descripcion	2022-11-03 20:47:33.841468-03
\.


--
-- Data for Name: django_session; Type: TABLE DATA; Schema: public; Owner: postgres
--

COPY public.django_session (session_key, session_data, expire_date) FROM stdin;
dn51sisvnkihu13mfgxamu6rh7hsd4f3	.eJxVjMsOwiAQRf-FtSFOebVduvcbCDCDRQ000CYa479rky50e8-558WsW5fJro2qTchGBh07_I7ehRvljeDV5UvhoeSlJs83he-08XNBup929y8wuTZ939FTFEYOShjsXa8kaNUhRDDg5CAMIXVae48w9BJRG4KoZAhCRh00qi3aqLVUsqXHnOqTjcf3B68ZP1w:1okIOy:nToLkzaufcn_9R_OJAw_jpQHiP6VsnHp3EEHpHBB_yo	2022-10-31 02:11:00.550762-03
u8oqh3r974gnfsd378307uux8rhhtzaj	.eJxVjEEOwiAQRe_C2pBChxa6dO8ZyMBMLWrAlDbRGO-uTbrQ7X_vv5fwuC6TXyvPPpEYhBaH3y1gvHLeAF0wn4uMJS9zCnJT5E6rPBXi23F3_wIT1un7bpxG1NqagACaGgJC7YiVVYSAHXNUrTEK2zgah2Ah9HbsCLhF7l23RSvXmkr2_Lin-SmG5v0Blgg_Zg:1okPex:ofIB546B3k3jLSrYxVIiof2t0CjMEa-2-KFnTXZBrz8	2022-10-31 09:55:59.999207-03
4vyk6v2j9kc3qoru0dr6barnce9w70hj	.eJxVjMEOgyAQRP-Fc2OABVx6a3-ErLsQTQ0mFU9N_73aeGiP82bmvVSirY1pW_MzTaKuCtTllw3Ej1yPgub5wB0xL1tt3Xdz1mt321OubWJq01Lv5-tPNdI67h5bECRoLBAHI7Fnjl6XIBkoZN97LOSEnNEBwVpLGBhEmxgFkJ2O6v0Btns7yQ:1oqn61:CW7whn0T4RiqQG1r1PmIyUQ33KEpKxtxynmoUygN6yo	2022-11-18 00:10:17.402839-03
ti93kgr1kpufq2hrxjpr6wp8ya5jdpgr	.eJxVjMEOgyAQRP-Fc2OABVx6a3-ErLsQTQ0mFU9N_73aeGiP82bmvVSirY1pW_MzTaKuCtTllw3Ej1yPgub5wB0xL1tt3Xdz1mt321OubWJq01Lv5-tPNdI67h5bECRoLBAHI7Fnjl6XIBkoZN97LOSEnNEBwVpLGBhEmxgFkJ2O6v0Btns7yQ:1okPxP:oqjqDRZHOY_0EMB5C7wJ_noV-3XPoa0CyhoofAfsQ6A	2022-10-31 10:15:03.179522-03
1lituwrvnh4bjnhksbgrcdbqm638g83i	.eJxVjEsOwiAUAO_C2hCw5dele89AHrynRQ000CYa490NSRe6nZnMm3nY1tlvjapPyCZm2eGXBYh3yl3gDfK18FjyWlPgPeG7bfxckB6nvf0bzNDmvtUoTNRkSSpljSQMShmhQRjnMLgBImhw4YIYjZXqaOU4aCtAwkCj0n3aqLVUsqfnkuqLTeLzBYDbPsU:1obsSG:Zl-7BIffNv7uoac4kfCFJf4_bFRys7M7Lon0v9rQmPk	2022-10-07 20:51:36.497855-03
44rnbmz6t3zv8pmpcet51jhgrya16dir	.eJxVjEsOwiAUAO_C2hCw5dele89AHrynRQ000CYa490NSRe6nZnMm3nY1tlvjapPyCZm2eGXBYh3yl3gDfK18FjyWlPgPeG7bfxckB6nvf0bzNDmvtUoTNRkSSpljSQMShmhQRjnMLgBImhw4YIYjZXqaOU4aCtAwkCj0n3aqLVUsqfnkuqLTeLzBYDbPsU:1obsSS:57k_uzfDX9aR9LOh3MVwrGALRLPlGa2KIMOOUTYVKqk	2022-10-07 20:51:48.469667-03
s5tvds0iobrv1b2x7vnyzp3b2xer5jjb	.eJxVjEsOwiAUAO_C2hCw5dele89AHrynRQ000CYa490NSRe6nZnMm3nY1tlvjapPyCZm2eGXBYh3yl3gDfK18FjyWlPgPeG7bfxckB6nvf0bzNDmvtUoTNRkSSpljSQMShmhQRjnMLgBImhw4YIYjZXqaOU4aCtAwkCj0n3aqLVUsqfnkuqLTeLzBYDbPsU:1ocAeY:NRtx4agbxJgyGLQsKN_VsA933jhK_O_xN8fxVKqbQJI	2022-10-08 16:17:30.230495-03
nc5sfp7j5a53g4bz68toicc6nh6uizng	.eJxVjMEOgyAQRP-Fc2OABVx6a3-ErLsQTQ0mFU9N_73aeGiP82bmvVSirY1pW_MzTaKuCtTllw3Ej1yPgub5wB0xL1tt3Xdz1mt321OubWJq01Lv5-tPNdI67h5bECRoLBAHI7Fnjl6XIBkoZN97LOSEnNEBwVpLGBhEmxgFkJ2O6v0Btns7yQ:1oWWXw:c4IGwk0FvOafwd0wCjoLxrzFRMFnONlwKu0sljrVTAs	2022-09-23 01:27:20.421093-04
rrlbqfe99q735fzuudm174i0x4aq31lr	.eJxVjEEOwiAQAP_C2RCQsoBH730DWdhVqgaS0p6MfzckPeh1ZjJvEXHfStw7r3EhcRFenH5ZwvzkOgQ9sN6bzK1u65LkSORhu5wb8et6tH-Dgr2MLZByGdizttY7zZSsdQpQuRAoBYMZAUO6EWXntT17PRnwCjUaniyIzxff5TeI:1oWhng:-4pKuNzZgj2HSFM15ifMY74421hBg8UGzCsE2osU6Ms	2022-09-23 13:28:20.630399-04
fd4s59itqg4qtwgh8iynblo3x65g1mmj	.eJxVjMEOgyAQRP-Fc2OABVx6a3-ErLsQTQ0mFU9N_73aeGiP82bmvVSirY1pW_MzTaKuCtTllw3Ej1yPgub5wB0xL1tt3Xdz1mt321OubWJq01Lv5-tPNdI67h5bECRoLBAHI7Fnjl6XIBkoZN97LOSEnNEBwVpLGBhEmxgFkJ2O6v0Btns7yQ:1ohjpf:BqGVYb6lXw9aJZjOafOtCdIrz3J7zCMuXa-35xDx99w	2022-10-24 00:51:59.864611-03
avfsu705nvx2brx8aj67qons85a0nvtm	.eJxVjDsOwjAQBe_iGln-xJ-lpOcMlne9wQHkSHFSIe4OkVJA-2bmvUTK21rT1nlJUxFnocXpd8NMD247KPfcbrOkua3LhHJX5EG7vM6Fn5fD_TuouddvHTBE5XRAOyAV43wc0BdGH40vBBY1A3hHWdGIdgzAgNaAA8NMWnnx_gDexTfo:1oqm2s:MNmDg9mRwWlwXcflkSqGdAEQOFVoYQ5QNbx08VVPj0A	2022-11-17 23:02:58.559152-03
oicjn1swg23hdwpkll28hdxa2z28f6bc	.eJxVjMEOgyAQRP-Fc2OABVx6a3-ErLsQTQ0mFU9N_73aeGiP82bmvVSirY1pW_MzTaKuCtTllw3Ej1yPgub5wB0xL1tt3Xdz1mt321OubWJq01Lv5-tPNdI67h5bECRoLBAHI7Fnjl6XIBkoZN97LOSEnNEBwVpLGBhEmxgFkJ2O6v0Btns7yQ:1ocbVI:pQOnTZhdC866ude1P9KSBh4k1LR5qTFNSVhXqhHeOZg	2022-10-09 20:57:44.655151-03
bss2q1plp9c6rplxp7n5sdcqspklf91l	.eJxVjEEOwiAQRe_C2pBChxa6dO8ZyMBMLWrAlDbRGO-uTbrQ7X_vv5fwuC6TXyvPPpEYhBaH3y1gvHLeAF0wn4uMJS9zCnJT5E6rPBXi23F3_wIT1un7bpxG1NqagACaGgJC7YiVVYSAHXNUrTEK2zgah2Ah9HbsCLhF7l23RSvXmkr2_Lin-SmG5v0Blgg_Zg:1oe7YG:exK13UywkTtvwFPsTU_G1OnrOsSAmsEyEg4NnmGoD7k	2022-10-14 01:23:04.581352-03
1bcriewsyuzagvyg178ofp370im1gncu	.eJxVjEEOwiAQAP_C2RCQsoBH730DWdhVqgaS0p6MfzckPeh1ZjJvEXHfStw7r3EhcRFenH5ZwvzkOgQ9sN6bzK1u65LkSORhu5wb8et6tH-Dgr2MLZByGdizttY7zZSsdQpQuRAoBYMZAUO6EWXntT17PRnwCjUaniyIzxff5TeI:1ocgYz:_zR_ooJcwLgEhsZNuLI3v4tQ__jkYXHhrVYxraFgH9A	2022-10-10 02:21:53.673618-03
xp3m0ca5q2p8o57kesl1gt9fmpa7scop	.eJxVjEEOwiAQRe_C2pBChxa6dO8ZyMBMLWrAlDbRGO-uTbrQ7X_vv5fwuC6TXyvPPpEYhBaH3y1gvHLeAF0wn4uMJS9zCnJT5E6rPBXi23F3_wIT1un7bpxG1NqagACaGgJC7YiVVYSAHXNUrTEK2zgah2Ah9HbsCLhF7l23RSvXmkr2_Lin-SmG5v0Blgg_Zg:1oicBd:2RdRgpu3nOO9hlIUQlJuZaDMBfGRHUnUDuMnSCrh2e4	2022-10-26 10:54:17.587587-03
\.


--
-- Data for Name: django_site; Type: TABLE DATA; Schema: public; Owner: postgres
--

COPY public.django_site (id, domain, name) FROM stdin;
1	localhost	localhost
\.


--
-- Data for Name: proyectos_miembro; Type: TABLE DATA; Schema: public; Owner: postgres
--

COPY public.proyectos_miembro (id, proyecto_id, usuario_id) FROM stdin;
128	48	3
129	49	3
130	49	14
131	49	15
132	49	16
133	50	3
134	50	10
\.


--
-- Data for Name: proyectos_miembro_rol; Type: TABLE DATA; Schema: public; Owner: postgres
--

COPY public.proyectos_miembro_rol (id, miembro_id, rol_id) FROM stdin;
40	128	72
41	129	74
42	130	75
43	131	75
44	131	77
45	132	75
46	133	78
47	134	79
\.


--
-- Data for Name: proyectos_miembro_userstory; Type: TABLE DATA; Schema: public; Owner: postgres
--

COPY public.proyectos_miembro_userstory (id, miembro_id, userstory_id) FROM stdin;
\.


--
-- Data for Name: proyectos_proyecto; Type: TABLE DATA; Schema: public; Owner: postgres
--

COPY public.proyectos_proyecto (id, nombre, fecha_inicio, fecha_fin, descripcion, estado) FROM stdin;
48	Mi primer proyecto	\N	\N	Este es mi primer proyecto	Planificacion
50	Sistema de Pedidos en Linea	\N	\N	Proyecto para el desarrollo de un sistema de pedidos en linea	Planificacion
49	SIstema Gestor de Proyectos	2022-11-04	\N	Proyecto para desarrollar un sistema gestor de proyectos agiles.	En ejecucion
\.


--
-- Data for Name: roles_permiso; Type: TABLE DATA; Schema: public; Owner: postgres
--

COPY public.roles_permiso (id, nombre, es_admin) FROM stdin;
1	Crear Rol	f
3	Modificar Rol	f
4	Eliminar Rol	f
7	Visualizar Roles	f
10	Iniciar Proyecto	f
11	Finalizar Proyecto	f
12	Cancelar Proyecto	f
13	Asignar Miembros	f
14	Desasignar Miembros	f
23	Gestionar Roles De Un Usuario	f
2	Crear Permiso	t
5	Visualizar Usuarios	t
6	Visualizar Permisos	t
22	Gestionar Usuarios	t
9	Crear Proyecto	t
24	Visualizar US	f
25	Modificar US	f
26	Crear US	f
27	Visualizar Tipo US	f
28	Crear Tipo US	f
29	Modificar Tipo US	f
30	Eliminar Tipo US	f
31	Importar Tipo US	f
32	Visualizar Sprints	f
33	Crear Sprint	f
34	Visualizar Sprint Backlog	f
35	Agregar US Al Sprint Backlog	f
36	Quitar US Del Sprint Backlog	f
37	Aprobar US	f
38	Visualizar Tablero	f
39	Asignar US A Usuario	f
40	Iniciar Sprint	f
41	Finalizar Sprint	f
42	Cancelar Sprint	f
43	Adjuntar Notas	f
44	Asignar Desarrolladores	f
\.


--
-- Data for Name: roles_rol; Type: TABLE DATA; Schema: public; Owner: postgres
--

COPY public.roles_rol (id, nombre, descripcion, proyecto_id) FROM stdin;
11	sfasf	afsdfa	\N
2	Scrum Master	Rol de Scrum Master	\N
3	Developers	Rol de Developers	\N
1	Administrador	Rol de Administrador	\N
73	Developer	Rol de Developer	48
75	Developer	Rol de Developer	49
77	Gestor de roles	Rol para la gestion de roles	49
74	Scrum Master	Rol de Scrum Master	49
72	Scrum Master	Rol de Scrum Master	48
78	Scrum Master	Rol de Scrum Master	50
79	Developer	Rol de Developer	50
\.


--
-- Data for Name: roles_rol_permiso; Type: TABLE DATA; Schema: public; Owner: postgres
--

COPY public.roles_rol_permiso (id, rol_id, permiso_id) FROM stdin;
507	72	1
2	1	2
508	72	3
509	72	4
5	1	5
6	1	6
510	72	7
511	72	10
512	72	11
513	72	12
514	72	13
515	72	14
516	72	23
517	72	24
518	72	25
519	72	26
17	1	9
18	2	10
19	2	11
20	2	12
520	72	27
22	2	14
521	72	28
522	72	29
523	72	30
524	72	31
525	72	32
526	72	33
527	72	34
528	72	35
529	72	36
530	72	37
531	72	38
532	72	39
533	72	40
534	72	41
535	72	42
536	72	44
537	73	32
538	73	34
539	73	38
540	73	7
541	73	24
542	73	25
543	73	26
544	73	27
545	73	28
546	73	29
547	73	30
548	73	31
549	74	1
550	74	3
551	74	4
552	74	7
553	74	10
554	74	11
555	74	12
556	74	13
557	74	14
558	74	23
559	74	24
560	74	25
561	74	26
562	74	27
563	74	28
564	74	29
565	74	30
566	74	31
567	74	32
70	3	10
568	74	33
569	74	34
570	74	35
571	74	36
572	74	37
573	74	38
574	74	39
78	1	22
575	74	40
576	74	41
577	74	42
578	74	44
579	75	32
580	75	34
85	11	9
86	11	10
87	11	11
581	75	38
582	75	7
583	75	24
584	75	25
585	75	26
586	75	27
94	2	1
95	2	3
96	2	4
97	2	7
587	75	28
99	2	13
588	75	29
589	75	30
102	1	23
590	75	31
104	2	23
595	77	1
596	77	3
597	77	4
598	74	43
599	72	43
600	78	1
601	78	3
602	78	4
603	78	7
604	78	10
605	78	11
606	78	12
607	78	13
608	78	14
609	78	23
610	78	24
611	78	25
612	78	26
613	78	27
614	78	28
615	78	29
616	78	30
617	78	31
618	78	32
619	78	33
620	78	34
621	78	35
622	78	36
623	78	37
624	78	38
625	78	39
626	78	40
627	78	41
628	78	42
629	78	43
630	78	44
631	79	32
632	79	34
633	79	38
634	79	7
635	79	24
636	79	25
637	79	26
638	79	27
639	79	28
640	79	29
641	79	30
642	79	31
\.


--
-- Data for Name: socialaccount_socialaccount; Type: TABLE DATA; Schema: public; Owner: postgres
--

COPY public.socialaccount_socialaccount (id, provider, uid, last_login, date_joined, extra_data, user_id) FROM stdin;
1	google	103005632180463951929	2022-11-04 00:10:17.382172-03	2022-09-08 22:38:55.425056-04	{"id": "103005632180463951929", "name": "Angel Sebastian Ferreira Caballero", "given_name": "Angel Sebastian", "family_name": "Ferreira Caballero", "picture": "https://lh3.googleusercontent.com/a/ALm5wu2vGL85NENbNOcDV6mDxac8lzhViJWKQ8EllsAb=s96-c", "locale": "es"}	3
\.


--
-- Data for Name: socialaccount_socialapp; Type: TABLE DATA; Schema: public; Owner: postgres
--

COPY public.socialaccount_socialapp (id, provider, name, client_id, secret, key) FROM stdin;
1	google	Autenticacion Grupo 6	681523193097-8garffrnhdml6b24857v0btbc0qsp5fq.apps.googleusercontent.com	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	
\.


--
-- Data for Name: socialaccount_socialapp_sites; Type: TABLE DATA; Schema: public; Owner: postgres
--

COPY public.socialaccount_socialapp_sites (id, socialapp_id, site_id) FROM stdin;
1	1	1
\.


--
-- Data for Name: socialaccount_socialtoken; Type: TABLE DATA; Schema: public; Owner: postgres
--

COPY public.socialaccount_socialtoken (id, token, token_secret, expires_at, account_id, app_id) FROM stdin;
\.


--
-- Data for Name: sprints_desarrollador; Type: TABLE DATA; Schema: public; Owner: postgres
--

COPY public.sprints_desarrollador (id, capacidad_por_dia, miembro_id, sprint_id, capacidad_total) FROM stdin;
21	4	129	57	28
22	3	130	57	21
25	2	132	58	14
23	4	129	58	28
24	3	131	58	21
\.


--
-- Data for Name: sprints_desarrollador_userstory; Type: TABLE DATA; Schema: public; Owner: postgres
--

COPY public.sprints_desarrollador_userstory (id, desarrollador_id, userstory_id) FROM stdin;
9	21	26
10	21	27
11	21	20
12	21	21
13	22	24
14	22	25
15	22	18
16	22	19
17	21	29
18	22	36
19	23	37
20	24	33
\.


--
-- Data for Name: sprints_sprint; Type: TABLE DATA; Schema: public; Owner: postgres
--

COPY public.sprints_sprint (id, nombre, descripcion, duracion, capacidad, estado, proyecto_id, fecha_fin, fecha_inicio) FROM stdin;
57	Sprint 1	Este es el Sprint 1	7	49	Finalizado	49	2022-11-04	2022-11-04
58	Sprint 2	Este es el sprint 2	7	63	En ejecucion	49	\N	2022-11-04
\.


--
-- Data for Name: tableros_tablero; Type: TABLE DATA; Schema: public; Owner: postgres
--

COPY public.tableros_tablero (id, campos, tipo_us_id) FROM stdin;
20	Pendiente,campo1,En curso,campo2,Terminado	66
21	Pendiente,En curso,campo1,Terminado	67
22	Pendiente,campo2,En curso,campo1,Terminado	68
23	Pendiente,En curso,Terminado,campo1,campo2,campo3	69
24	Pendiente,En curso,Terminado,campo1,campo2	70
25	Pendiente,campo1,campo2,En curso,campo4,campo3,Terminado	71
19	Pendiente,campo1,campo2,En curso,campo3,Terminado	65
\.


--
-- Data for Name: tipo_us_miembrotipous; Type: TABLE DATA; Schema: public; Owner: postgres
--

COPY public.tipo_us_miembrotipous (id, proyecto_id, tipo_us_id) FROM stdin;
65	49	63
66	49	64
67	49	65
68	50	66
69	50	67
70	49	68
71	49	69
\.


--
-- Data for Name: tipo_us_tipo_us; Type: TABLE DATA; Schema: public; Owner: postgres
--

COPY public.tipo_us_tipo_us (id, nombre, fecha_creacion, descripcion, campos) FROM stdin;
63	TIpo Testing	\N	Tipo de US para testeo	campo1,campo2,campo3
64	Tipo Roles	\N	Tipo de US para la gestion de roles	campo1,campo2
65	Tipo Proyecto	\N	Tipo de US para la gestion de proyectos	campo1
66	Tipo Menu	\N	Tipo de US para el desarrollo de menus	campo1,campo2
67	Tipo Productos	\N	Tipo de US para la gestion de productos	campo1,campo2,campo3
68	Tipo US	\N	Tipo de US para los User Stories	campo1,campo2
69	Tipo Sprint	\N	Tipo de US para el desarrollo de Sprints	campo1,campo2,campo3,campo4
\.


--
-- Data for Name: userstory_nota; Type: TABLE DATA; Schema: public; Owner: postgres
--

COPY public.userstory_nota (id, fecha, mensaje, creador_id, userstory_id) FROM stdin;
6	2022-11-03 23:39:30.109944-03	Prueba de notas	129	20
7	2022-11-03 23:40:26.072259-03	Terminado la parte de administrar miembros	129	21
8	2022-11-03 23:41:55.016709-03	Terminado la parte de asignar usuarios a un proyecto	129	26
9	2022-11-03 23:42:36.120247-03	Terminado la parte de desasignar usuarios de un proyecto	129	27
10	2022-11-03 23:49:14.185535-03	Administrar usuarios terminado	130	36
11	2022-11-03 23:49:29.023635-03	Implementacion de permisos terminado	130	19
12	2022-11-03 23:50:41.595918-03	Crear rol terminado	130	18
13	2022-11-03 23:50:55.740084-03	Modificar rol terminado	130	24
14	2022-11-03 23:51:06.670923-03	Eliminar rol terminado	130	25
15	2022-11-03 23:52:19.005638-03	US aprobado	129	36
16	2022-11-03 23:52:34.773475-03	US aprobado	129	19
17	2022-11-03 23:54:41.692655-03	US rechazado	129	24
18	2022-11-03 23:54:52.755595-03	US rechazado	129	25
\.


--
-- Data for Name: userstory_tarea; Type: TABLE DATA; Schema: public; Owner: postgres
--

COPY public.userstory_tarea (id, horas_trabajadas, mensaje, creador_id, userstory_id, fecha) FROM stdin;
14	3	Test de tarea	129	37	2022-11-04 00:05:31.991031-03
15	0	Test de tarea 2	129	37	2022-11-04 00:05:56.731161-03
16	1	Test de tarea	129	37	2022-11-04 00:07:45.288106-03
17	1	Test de tarea para miguel	131	33	2022-11-04 00:09:22.864705-03
\.


--
-- Data for Name: userstory_userstory; Type: TABLE DATA; Schema: public; Owner: postgres
--

COPY public.userstory_userstory (id, nombre, descripcion, horas_estimadas, user_point, business_value, autor, aprobado, fecha_creacion, proyecto_id, tipo_us_id, sprint_previo, prioridad, sprint_id, estado, asignado) FROM stdin;
26	Asignar usuarios a un proyecto	US de la asignacion de usuarios a un proyecto	2	7	5	angel_sebastian	t	2022-11-04	49	67	0	5.80	57	Terminado	f
27	Desasignar usuarios de un proyecto	US para la desasignacion de usuarios de un proyecto.	2	7	5	angel_sebastian	t	2022-11-04	49	67	0	5.80	57	Terminado	f
25	Eliminar Rol	US para la eliminacion de roles	6	5	5	angel_sebastian	f	2022-11-04	49	66	3	8.00	58	En curso	f
28	Administrar roles de un miembro	US para la administracion de roles de un miembro	3	6	4	jose	f	2022-11-04	49	67	0	4.80	58	Pendiente	f
29	Administrar US	US para la administracion de un User Story	6	7	8	jose	t	2022-11-04	49	70	0	7.60	57	Terminado	f
30	Asignar usuario a US	US para la asignacion de usuarios de un US	2	4	4	jose	f	2022-11-04	49	70	0	4.00	58	Pendiente	f
31	Desasignar usuario a US	US para la desasignacion de usuarios a un US	2	4	4	jose	f	2022-11-04	49	70	0	4.00	58	Pendiente	f
32	Administrar Sprints	US para la administracion de Sprints	7	2	4	miguel	f	2022-11-04	49	71	0	3.20	58	Pendiente	f
34	Administrar Tablero	US para la administracion de tableros	16	1	3	marcelo	f	2022-11-04	49	71	0	2.20	58	Pendiente	f
37	Implementar notificaciones	US para la implementacion de notificaciones	9	2	1	marcelo	f	2022-11-04	49	65	0	1.40	58	Pendiente	f
35	Implementar Burndown Chart	US para la implementacion del Burndown Chart	5	1	1	marcelo	f	2022-11-04	49	71	0	1.00	58	Pendiente	f
33	Asignar desarrolladores en un Sprint	US para la asignacion de desarrolladores en un Sprint	6	2	3	miguel	f	2022-11-04	49	71	0	2.60	58	campo1	f
36	Administrar usuarios	US para la administracion de usuarios	7	10	7	marcelo	t	2022-11-04	49	65	0	8.20	57	Terminado	f
19	Implementacion de permisos	US para la implementacion de permisos	6	9	5	angel_sebastian	t	2022-11-04	49	65	0	6.60	57	Terminado	f
18	Crear Rol	US para la creacion de roles	6	10	6	angel_sebastian	t	2022-11-04	49	66	0	7.60	57	Terminado	f
24	Modificar Rol	US para la modificacion de roles	2	6	5	angel_sebastian	f	2022-11-04	49	66	3	8.40	58	En curso	f
22	Hacer pedidos	US para la implementacion de hacer pedidos	3	8	9	angel_sebastian	f	2022-11-04	50	68	0	8.60	\N	Pendiente	f
23	Gestionar productos	US para el desarrollo de la gestion de productos	10	7	8	usuario_prueba	f	2022-11-04	50	69	0	7.60	\N	Pendiente	f
20	Administrar proyecto	US para la administracion del proyecto	8	8	10	angel_sebastian	t	2022-11-04	49	67	0	9.20	57	Terminado	f
21	Administrar miembros	US para la implementacion de administracion de miembros de un proyecto	4	7	8	angel_sebastian	t	2022-11-04	49	67	0	7.60	57	Terminado	f
\.


--
-- Data for Name: usuarios_usuario; Type: TABLE DATA; Schema: public; Owner: postgres
--

COPY public.usuarios_usuario (ci, telefono, fecha_nac, user_id) FROM stdin;
\N	\N	\N	14
\N	\N	\N	15
\N	\N	\N	3
333333	2323342	2022-09-07	2
\N	\N	\N	4
\N	\N	\N	10
\N	\N	\N	16
\N	\N	\N	1
\.


--
-- Data for Name: usuarios_usuario_rol; Type: TABLE DATA; Schema: public; Owner: postgres
--

COPY public.usuarios_usuario_rol (id, usuario_id, rol_id) FROM stdin;
3	1	1
4	2	3
\.


--
-- Name: account_emailaddress_id_seq; Type: SEQUENCE SET; Schema: public; Owner: postgres
--

SELECT pg_catalog.setval('public.account_emailaddress_id_seq', 5, true);


--
-- Name: account_emailconfirmation_id_seq; Type: SEQUENCE SET; Schema: public; Owner: postgres
--

SELECT pg_catalog.setval('public.account_emailconfirmation_id_seq', 1, false);


--
-- Name: auth_group_id_seq; Type: SEQUENCE SET; Schema: public; Owner: postgres
--

SELECT pg_catalog.setval('public.auth_group_id_seq', 1, false);


--
-- Name: auth_group_permissions_id_seq; Type: SEQUENCE SET; Schema: public; Owner: postgres
--

SELECT pg_catalog.setval('public.auth_group_permissions_id_seq', 1, false);


--
-- Name: auth_permission_id_seq; Type: SEQUENCE SET; Schema: public; Owner: postgres
--

SELECT pg_catalog.setval('public.auth_permission_id_seq', 129, true);


--
-- Name: auth_user_groups_id_seq; Type: SEQUENCE SET; Schema: public; Owner: postgres
--

SELECT pg_catalog.setval('public.auth_user_groups_id_seq', 1, false);


--
-- Name: auth_user_id_seq; Type: SEQUENCE SET; Schema: public; Owner: postgres
--

SELECT pg_catalog.setval('public.auth_user_id_seq', 16, true);


--
-- Name: auth_user_user_permissions_id_seq; Type: SEQUENCE SET; Schema: public; Owner: postgres
--

SELECT pg_catalog.setval('public.auth_user_user_permissions_id_seq', 1, false);


--
-- Name: django_admin_log_id_seq; Type: SEQUENCE SET; Schema: public; Owner: postgres
--

SELECT pg_catalog.setval('public.django_admin_log_id_seq', 354, true);


--
-- Name: django_content_type_id_seq; Type: SEQUENCE SET; Schema: public; Owner: postgres
--

SELECT pg_catalog.setval('public.django_content_type_id_seq', 57, true);


--
-- Name: django_migrations_id_seq; Type: SEQUENCE SET; Schema: public; Owner: postgres
--

SELECT pg_catalog.setval('public.django_migrations_id_seq', 136, true);


--
-- Name: django_site_id_seq; Type: SEQUENCE SET; Schema: public; Owner: postgres
--

SELECT pg_catalog.setval('public.django_site_id_seq', 1, true);


--
-- Name: proyectos_miembro_id_seq; Type: SEQUENCE SET; Schema: public; Owner: postgres
--

SELECT pg_catalog.setval('public.proyectos_miembro_id_seq', 134, true);


--
-- Name: proyectos_miembro_rol_id_seq; Type: SEQUENCE SET; Schema: public; Owner: postgres
--

SELECT pg_catalog.setval('public.proyectos_miembro_rol_id_seq', 47, true);


--
-- Name: proyectos_miembro_userstory_id_seq; Type: SEQUENCE SET; Schema: public; Owner: postgres
--

SELECT pg_catalog.setval('public.proyectos_miembro_userstory_id_seq', 16, true);


--
-- Name: proyectos_proyecto_id_seq; Type: SEQUENCE SET; Schema: public; Owner: postgres
--

SELECT pg_catalog.setval('public.proyectos_proyecto_id_seq', 50, true);


--
-- Name: roles_permission_id_seq; Type: SEQUENCE SET; Schema: public; Owner: postgres
--

SELECT pg_catalog.setval('public.roles_permission_id_seq', 44, true);


--
-- Name: roles_rol_id_seq; Type: SEQUENCE SET; Schema: public; Owner: postgres
--

SELECT pg_catalog.setval('public.roles_rol_id_seq', 79, true);


--
-- Name: roles_rol_permission_id_seq; Type: SEQUENCE SET; Schema: public; Owner: postgres
--

SELECT pg_catalog.setval('public.roles_rol_permission_id_seq', 642, true);


--
-- Name: socialaccount_socialaccount_id_seq; Type: SEQUENCE SET; Schema: public; Owner: postgres
--

SELECT pg_catalog.setval('public.socialaccount_socialaccount_id_seq', 1, true);


--
-- Name: socialaccount_socialapp_id_seq; Type: SEQUENCE SET; Schema: public; Owner: postgres
--

SELECT pg_catalog.setval('public.socialaccount_socialapp_id_seq', 1, true);


--
-- Name: socialaccount_socialapp_sites_id_seq; Type: SEQUENCE SET; Schema: public; Owner: postgres
--

SELECT pg_catalog.setval('public.socialaccount_socialapp_sites_id_seq', 1, true);


--
-- Name: socialaccount_socialtoken_id_seq; Type: SEQUENCE SET; Schema: public; Owner: postgres
--

SELECT pg_catalog.setval('public.socialaccount_socialtoken_id_seq', 1, false);


--
-- Name: sprints_desarrollador_id_seq; Type: SEQUENCE SET; Schema: public; Owner: postgres
--

SELECT pg_catalog.setval('public.sprints_desarrollador_id_seq', 25, true);


--
-- Name: sprints_desarrollador_userstory_id_seq; Type: SEQUENCE SET; Schema: public; Owner: postgres
--

SELECT pg_catalog.setval('public.sprints_desarrollador_userstory_id_seq', 20, true);


--
-- Name: sprints_sprint_id_seq; Type: SEQUENCE SET; Schema: public; Owner: postgres
--

SELECT pg_catalog.setval('public.sprints_sprint_id_seq', 58, true);


--
-- Name: tableros_tablero_id_seq; Type: SEQUENCE SET; Schema: public; Owner: postgres
--

SELECT pg_catalog.setval('public.tableros_tablero_id_seq', 25, true);


--
-- Name: tipo_us_miembrotipous_id_seq; Type: SEQUENCE SET; Schema: public; Owner: postgres
--

SELECT pg_catalog.setval('public.tipo_us_miembrotipous_id_seq', 71, true);


--
-- Name: tipo_us_tipo_us_id_seq; Type: SEQUENCE SET; Schema: public; Owner: postgres
--

SELECT pg_catalog.setval('public.tipo_us_tipo_us_id_seq', 69, true);


--
-- Name: userstory_nota_id_seq; Type: SEQUENCE SET; Schema: public; Owner: postgres
--

SELECT pg_catalog.setval('public.userstory_nota_id_seq', 18, true);


--
-- Name: userstory_tarea_id_seq; Type: SEQUENCE SET; Schema: public; Owner: postgres
--

SELECT pg_catalog.setval('public.userstory_tarea_id_seq', 17, true);


--
-- Name: userstory_userstory_id_seq; Type: SEQUENCE SET; Schema: public; Owner: postgres
--

SELECT pg_catalog.setval('public.userstory_userstory_id_seq', 37, true);


--
-- Name: usuarios_usuario_rol_id_seq; Type: SEQUENCE SET; Schema: public; Owner: postgres
--

SELECT pg_catalog.setval('public.usuarios_usuario_rol_id_seq', 39, true);


--
-- Name: account_emailaddress account_emailaddress_email_key; Type: CONSTRAINT; Schema: public; Owner: postgres
--

ALTER TABLE ONLY public.account_emailaddress
    ADD CONSTRAINT account_emailaddress_email_key UNIQUE (email);


--
-- Name: account_emailaddress account_emailaddress_pkey; Type: CONSTRAINT; Schema: public; Owner: postgres
--

ALTER TABLE ONLY public.account_emailaddress
    ADD CONSTRAINT account_emailaddress_pkey PRIMARY KEY (id);


--
-- Name: account_emailconfirmation account_emailconfirmation_key_key; Type: CONSTRAINT; Schema: public; Owner: postgres
--

ALTER TABLE ONLY public.account_emailconfirmation
    ADD CONSTRAINT account_emailconfirmation_key_key UNIQUE (key);


--
-- Name: account_emailconfirmation account_emailconfirmation_pkey; Type: CONSTRAINT; Schema: public; Owner: postgres
--

ALTER TABLE ONLY public.account_emailconfirmation
    ADD CONSTRAINT account_emailconfirmation_pkey PRIMARY KEY (id);


--
-- Name: auth_group auth_group_name_key; Type: CONSTRAINT; Schema: public; Owner: postgres
--

ALTER TABLE ONLY public.auth_group
    ADD CONSTRAINT auth_group_name_key UNIQUE (name);


--
-- Name: auth_group_permissions auth_group_permissions_group_id_permission_id_0cd325b0_uniq; Type: CONSTRAINT; Schema: public; Owner: postgres
--

ALTER TABLE ONLY public.auth_group_permissions
    ADD CONSTRAINT auth_group_permissions_group_id_permission_id_0cd325b0_uniq UNIQUE (group_id, permission_id);


--
-- Name: auth_group_permissions auth_group_permissions_pkey; Type: CONSTRAINT; Schema: public; Owner: postgres
--

ALTER TABLE ONLY public.auth_group_permissions
    ADD CONSTRAINT auth_group_permissions_pkey PRIMARY KEY (id);


--
-- Name: auth_group auth_group_pkey; Type: CONSTRAINT; Schema: public; Owner: postgres
--

ALTER TABLE ONLY public.auth_group
    ADD CONSTRAINT auth_group_pkey PRIMARY KEY (id);


--
-- Name: auth_permission auth_permission_content_type_id_codename_01ab375a_uniq; Type: CONSTRAINT; Schema: public; Owner: postgres
--

ALTER TABLE ONLY public.auth_permission
    ADD CONSTRAINT auth_permission_content_type_id_codename_01ab375a_uniq UNIQUE (content_type_id, codename);


--
-- Name: auth_permission auth_permission_pkey; Type: CONSTRAINT; Schema: public; Owner: postgres
--

ALTER TABLE ONLY public.auth_permission
    ADD CONSTRAINT auth_permission_pkey PRIMARY KEY (id);


--
-- Name: auth_user_groups auth_user_groups_pkey; Type: CONSTRAINT; Schema: public; Owner: postgres
--

ALTER TABLE ONLY public.auth_user_groups
    ADD CONSTRAINT auth_user_groups_pkey PRIMARY KEY (id);


--
-- Name: auth_user_groups auth_user_groups_user_id_group_id_94350c0c_uniq; Type: CONSTRAINT; Schema: public; Owner: postgres
--

ALTER TABLE ONLY public.auth_user_groups
    ADD CONSTRAINT auth_user_groups_user_id_group_id_94350c0c_uniq UNIQUE (user_id, group_id);


--
-- Name: auth_user auth_user_pkey; Type: CONSTRAINT; Schema: public; Owner: postgres
--

ALTER TABLE ONLY public.auth_user
    ADD CONSTRAINT auth_user_pkey PRIMARY KEY (id);


--
-- Name: auth_user_user_permissions auth_user_user_permissions_pkey; Type: CONSTRAINT; Schema: public; Owner: postgres
--

ALTER TABLE ONLY public.auth_user_user_permissions
    ADD CONSTRAINT auth_user_user_permissions_pkey PRIMARY KEY (id);


--
-- Name: auth_user_user_permissions auth_user_user_permissions_user_id_permission_id_14a6b632_uniq; Type: CONSTRAINT; Schema: public; Owner: postgres
--

ALTER TABLE ONLY public.auth_user_user_permissions
    ADD CONSTRAINT auth_user_user_permissions_user_id_permission_id_14a6b632_uniq UNIQUE (user_id, permission_id);


--
-- Name: auth_user auth_user_username_key; Type: CONSTRAINT; Schema: public; Owner: postgres
--

ALTER TABLE ONLY public.auth_user
    ADD CONSTRAINT auth_user_username_key UNIQUE (username);


--
-- Name: django_admin_log django_admin_log_pkey; Type: CONSTRAINT; Schema: public; Owner: postgres
--

ALTER TABLE ONLY public.django_admin_log
    ADD CONSTRAINT django_admin_log_pkey PRIMARY KEY (id);


--
-- Name: django_content_type django_content_type_app_label_model_76bd3d3b_uniq; Type: CONSTRAINT; Schema: public; Owner: postgres
--

ALTER TABLE ONLY public.django_content_type
    ADD CONSTRAINT django_content_type_app_label_model_76bd3d3b_uniq UNIQUE (app_label, model);


--
-- Name: django_content_type django_content_type_pkey; Type: CONSTRAINT; Schema: public; Owner: postgres
--

ALTER TABLE ONLY public.django_content_type
    ADD CONSTRAINT django_content_type_pkey PRIMARY KEY (id);


--
-- Name: django_migrations django_migrations_pkey; Type: CONSTRAINT; Schema: public; Owner: postgres
--

ALTER TABLE ONLY public.django_migrations
    ADD CONSTRAINT django_migrations_pkey PRIMARY KEY (id);


--
-- Name: django_session django_session_pkey; Type: CONSTRAINT; Schema: public; Owner: postgres
--

ALTER TABLE ONLY public.django_session
    ADD CONSTRAINT django_session_pkey PRIMARY KEY (session_key);


--
-- Name: django_site django_site_domain_a2e37b91_uniq; Type: CONSTRAINT; Schema: public; Owner: postgres
--

ALTER TABLE ONLY public.django_site
    ADD CONSTRAINT django_site_domain_a2e37b91_uniq UNIQUE (domain);


--
-- Name: django_site django_site_pkey; Type: CONSTRAINT; Schema: public; Owner: postgres
--

ALTER TABLE ONLY public.django_site
    ADD CONSTRAINT django_site_pkey PRIMARY KEY (id);


--
-- Name: proyectos_miembro proyectos_miembro_pkey; Type: CONSTRAINT; Schema: public; Owner: postgres
--

ALTER TABLE ONLY public.proyectos_miembro
    ADD CONSTRAINT proyectos_miembro_pkey PRIMARY KEY (id);


--
-- Name: proyectos_miembro_rol proyectos_miembro_rol_miembro_id_rol_id_a269b756_uniq; Type: CONSTRAINT; Schema: public; Owner: postgres
--

ALTER TABLE ONLY public.proyectos_miembro_rol
    ADD CONSTRAINT proyectos_miembro_rol_miembro_id_rol_id_a269b756_uniq UNIQUE (miembro_id, rol_id);


--
-- Name: proyectos_miembro_rol proyectos_miembro_rol_pkey; Type: CONSTRAINT; Schema: public; Owner: postgres
--

ALTER TABLE ONLY public.proyectos_miembro_rol
    ADD CONSTRAINT proyectos_miembro_rol_pkey PRIMARY KEY (id);


--
-- Name: proyectos_miembro_userstory proyectos_miembro_userst_miembro_id_userstory_id_7dd23dd3_uniq; Type: CONSTRAINT; Schema: public; Owner: postgres
--

ALTER TABLE ONLY public.proyectos_miembro_userstory
    ADD CONSTRAINT proyectos_miembro_userst_miembro_id_userstory_id_7dd23dd3_uniq UNIQUE (miembro_id, userstory_id);


--
-- Name: proyectos_miembro_userstory proyectos_miembro_userstory_pkey; Type: CONSTRAINT; Schema: public; Owner: postgres
--

ALTER TABLE ONLY public.proyectos_miembro_userstory
    ADD CONSTRAINT proyectos_miembro_userstory_pkey PRIMARY KEY (id);


--
-- Name: proyectos_proyecto proyectos_proyecto_pkey; Type: CONSTRAINT; Schema: public; Owner: postgres
--

ALTER TABLE ONLY public.proyectos_proyecto
    ADD CONSTRAINT proyectos_proyecto_pkey PRIMARY KEY (id);


--
-- Name: roles_permiso roles_permission_pkey; Type: CONSTRAINT; Schema: public; Owner: postgres
--

ALTER TABLE ONLY public.roles_permiso
    ADD CONSTRAINT roles_permission_pkey PRIMARY KEY (id);


--
-- Name: roles_rol_permiso roles_rol_permission_pkey; Type: CONSTRAINT; Schema: public; Owner: postgres
--

ALTER TABLE ONLY public.roles_rol_permiso
    ADD CONSTRAINT roles_rol_permission_pkey PRIMARY KEY (id);


--
-- Name: roles_rol_permiso roles_rol_permission_rol_id_permission_id_ec2b625e_uniq; Type: CONSTRAINT; Schema: public; Owner: postgres
--

ALTER TABLE ONLY public.roles_rol_permiso
    ADD CONSTRAINT roles_rol_permission_rol_id_permission_id_ec2b625e_uniq UNIQUE (rol_id, permiso_id);


--
-- Name: roles_rol roles_rol_pkey; Type: CONSTRAINT; Schema: public; Owner: postgres
--

ALTER TABLE ONLY public.roles_rol
    ADD CONSTRAINT roles_rol_pkey PRIMARY KEY (id);


--
-- Name: socialaccount_socialaccount socialaccount_socialaccount_pkey; Type: CONSTRAINT; Schema: public; Owner: postgres
--

ALTER TABLE ONLY public.socialaccount_socialaccount
    ADD CONSTRAINT socialaccount_socialaccount_pkey PRIMARY KEY (id);


--
-- Name: socialaccount_socialaccount socialaccount_socialaccount_provider_uid_fc810c6e_uniq; Type: CONSTRAINT; Schema: public; Owner: postgres
--

ALTER TABLE ONLY public.socialaccount_socialaccount
    ADD CONSTRAINT socialaccount_socialaccount_provider_uid_fc810c6e_uniq UNIQUE (provider, uid);


--
-- Name: socialaccount_socialapp_sites socialaccount_socialapp__socialapp_id_site_id_71a9a768_uniq; Type: CONSTRAINT; Schema: public; Owner: postgres
--

ALTER TABLE ONLY public.socialaccount_socialapp_sites
    ADD CONSTRAINT socialaccount_socialapp__socialapp_id_site_id_71a9a768_uniq UNIQUE (socialapp_id, site_id);


--
-- Name: socialaccount_socialapp socialaccount_socialapp_pkey; Type: CONSTRAINT; Schema: public; Owner: postgres
--

ALTER TABLE ONLY public.socialaccount_socialapp
    ADD CONSTRAINT socialaccount_socialapp_pkey PRIMARY KEY (id);


--
-- Name: socialaccount_socialapp_sites socialaccount_socialapp_sites_pkey; Type: CONSTRAINT; Schema: public; Owner: postgres
--

ALTER TABLE ONLY public.socialaccount_socialapp_sites
    ADD CONSTRAINT socialaccount_socialapp_sites_pkey PRIMARY KEY (id);


--
-- Name: socialaccount_socialtoken socialaccount_socialtoken_app_id_account_id_fca4e0ac_uniq; Type: CONSTRAINT; Schema: public; Owner: postgres
--

ALTER TABLE ONLY public.socialaccount_socialtoken
    ADD CONSTRAINT socialaccount_socialtoken_app_id_account_id_fca4e0ac_uniq UNIQUE (app_id, account_id);


--
-- Name: socialaccount_socialtoken socialaccount_socialtoken_pkey; Type: CONSTRAINT; Schema: public; Owner: postgres
--

ALTER TABLE ONLY public.socialaccount_socialtoken
    ADD CONSTRAINT socialaccount_socialtoken_pkey PRIMARY KEY (id);


--
-- Name: sprints_desarrollador sprints_desarrollador_pkey; Type: CONSTRAINT; Schema: public; Owner: postgres
--

ALTER TABLE ONLY public.sprints_desarrollador
    ADD CONSTRAINT sprints_desarrollador_pkey PRIMARY KEY (id);


--
-- Name: sprints_desarrollador_userstory sprints_desarrollador_us_desarrollador_id_usersto_13a111dd_uniq; Type: CONSTRAINT; Schema: public; Owner: postgres
--

ALTER TABLE ONLY public.sprints_desarrollador_userstory
    ADD CONSTRAINT sprints_desarrollador_us_desarrollador_id_usersto_13a111dd_uniq UNIQUE (desarrollador_id, userstory_id);


--
-- Name: sprints_desarrollador_userstory sprints_desarrollador_userstory_pkey; Type: CONSTRAINT; Schema: public; Owner: postgres
--

ALTER TABLE ONLY public.sprints_desarrollador_userstory
    ADD CONSTRAINT sprints_desarrollador_userstory_pkey PRIMARY KEY (id);


--
-- Name: sprints_sprint sprints_sprint_pkey; Type: CONSTRAINT; Schema: public; Owner: postgres
--

ALTER TABLE ONLY public.sprints_sprint
    ADD CONSTRAINT sprints_sprint_pkey PRIMARY KEY (id);


--
-- Name: tableros_tablero tableros_tablero_pkey; Type: CONSTRAINT; Schema: public; Owner: postgres
--

ALTER TABLE ONLY public.tableros_tablero
    ADD CONSTRAINT tableros_tablero_pkey PRIMARY KEY (id);


--
-- Name: tableros_tablero tableros_tablero_tipo_us_id_key; Type: CONSTRAINT; Schema: public; Owner: postgres
--

ALTER TABLE ONLY public.tableros_tablero
    ADD CONSTRAINT tableros_tablero_tipo_us_id_key UNIQUE (tipo_us_id);


--
-- Name: tipo_us_miembrotipous tipo_us_miembrotipous_pkey; Type: CONSTRAINT; Schema: public; Owner: postgres
--

ALTER TABLE ONLY public.tipo_us_miembrotipous
    ADD CONSTRAINT tipo_us_miembrotipous_pkey PRIMARY KEY (id);


--
-- Name: tipo_us_tipo_us tipo_us_tipo_us_pkey; Type: CONSTRAINT; Schema: public; Owner: postgres
--

ALTER TABLE ONLY public.tipo_us_tipo_us
    ADD CONSTRAINT tipo_us_tipo_us_pkey PRIMARY KEY (id);


--
-- Name: userstory_nota userstory_nota_pkey; Type: CONSTRAINT; Schema: public; Owner: postgres
--

ALTER TABLE ONLY public.userstory_nota
    ADD CONSTRAINT userstory_nota_pkey PRIMARY KEY (id);


--
-- Name: userstory_tarea userstory_tarea_pkey; Type: CONSTRAINT; Schema: public; Owner: postgres
--

ALTER TABLE ONLY public.userstory_tarea
    ADD CONSTRAINT userstory_tarea_pkey PRIMARY KEY (id);


--
-- Name: userstory_userstory userstory_userstory_pkey; Type: CONSTRAINT; Schema: public; Owner: postgres
--

ALTER TABLE ONLY public.userstory_userstory
    ADD CONSTRAINT userstory_userstory_pkey PRIMARY KEY (id);


--
-- Name: usuarios_usuario_rol usuarios_usuario_rol_pkey; Type: CONSTRAINT; Schema: public; Owner: postgres
--

ALTER TABLE ONLY public.usuarios_usuario_rol
    ADD CONSTRAINT usuarios_usuario_rol_pkey PRIMARY KEY (id);


--
-- Name: usuarios_usuario_rol usuarios_usuario_rol_usuario_id_rol_id_7f2163df_uniq; Type: CONSTRAINT; Schema: public; Owner: postgres
--

ALTER TABLE ONLY public.usuarios_usuario_rol
    ADD CONSTRAINT usuarios_usuario_rol_usuario_id_rol_id_7f2163df_uniq UNIQUE (usuario_id, rol_id);


--
-- Name: usuarios_usuario usuarios_usuario_user_id_27bf56db_pk; Type: CONSTRAINT; Schema: public; Owner: postgres
--

ALTER TABLE ONLY public.usuarios_usuario
    ADD CONSTRAINT usuarios_usuario_user_id_27bf56db_pk PRIMARY KEY (user_id);


--
-- Name: account_emailaddress_email_03be32b2_like; Type: INDEX; Schema: public; Owner: postgres
--

CREATE INDEX account_emailaddress_email_03be32b2_like ON public.account_emailaddress USING btree (email varchar_pattern_ops);


--
-- Name: account_emailaddress_user_id_2c513194; Type: INDEX; Schema: public; Owner: postgres
--

CREATE INDEX account_emailaddress_user_id_2c513194 ON public.account_emailaddress USING btree (user_id);


--
-- Name: account_emailconfirmation_email_address_id_5b7f8c58; Type: INDEX; Schema: public; Owner: postgres
--

CREATE INDEX account_emailconfirmation_email_address_id_5b7f8c58 ON public.account_emailconfirmation USING btree (email_address_id);


--
-- Name: account_emailconfirmation_key_f43612bd_like; Type: INDEX; Schema: public; Owner: postgres
--

CREATE INDEX account_emailconfirmation_key_f43612bd_like ON public.account_emailconfirmation USING btree (key varchar_pattern_ops);


--
-- Name: auth_group_name_a6ea08ec_like; Type: INDEX; Schema: public; Owner: postgres
--

CREATE INDEX auth_group_name_a6ea08ec_like ON public.auth_group USING btree (name varchar_pattern_ops);


--
-- Name: auth_group_permissions_group_id_b120cbf9; Type: INDEX; Schema: public; Owner: postgres
--

CREATE INDEX auth_group_permissions_group_id_b120cbf9 ON public.auth_group_permissions USING btree (group_id);


--
-- Name: auth_group_permissions_permission_id_84c5c92e; Type: INDEX; Schema: public; Owner: postgres
--

CREATE INDEX auth_group_permissions_permission_id_84c5c92e ON public.auth_group_permissions USING btree (permission_id);


--
-- Name: auth_permission_content_type_id_2f476e4b; Type: INDEX; Schema: public; Owner: postgres
--

CREATE INDEX auth_permission_content_type_id_2f476e4b ON public.auth_permission USING btree (content_type_id);


--
-- Name: auth_user_groups_group_id_97559544; Type: INDEX; Schema: public; Owner: postgres
--

CREATE INDEX auth_user_groups_group_id_97559544 ON public.auth_user_groups USING btree (group_id);


--
-- Name: auth_user_groups_user_id_6a12ed8b; Type: INDEX; Schema: public; Owner: postgres
--

CREATE INDEX auth_user_groups_user_id_6a12ed8b ON public.auth_user_groups USING btree (user_id);


--
-- Name: auth_user_user_permissions_permission_id_1fbb5f2c; Type: INDEX; Schema: public; Owner: postgres
--

CREATE INDEX auth_user_user_permissions_permission_id_1fbb5f2c ON public.auth_user_user_permissions USING btree (permission_id);


--
-- Name: auth_user_user_permissions_user_id_a95ead1b; Type: INDEX; Schema: public; Owner: postgres
--

CREATE INDEX auth_user_user_permissions_user_id_a95ead1b ON public.auth_user_user_permissions USING btree (user_id);


--
-- Name: auth_user_username_6821ab7c_like; Type: INDEX; Schema: public; Owner: postgres
--

CREATE INDEX auth_user_username_6821ab7c_like ON public.auth_user USING btree (username varchar_pattern_ops);


--
-- Name: django_admin_log_content_type_id_c4bce8eb; Type: INDEX; Schema: public; Owner: postgres
--

CREATE INDEX django_admin_log_content_type_id_c4bce8eb ON public.django_admin_log USING btree (content_type_id);


--
-- Name: django_admin_log_user_id_c564eba6; Type: INDEX; Schema: public; Owner: postgres
--

CREATE INDEX django_admin_log_user_id_c564eba6 ON public.django_admin_log USING btree (user_id);


--
-- Name: django_session_expire_date_a5c62663; Type: INDEX; Schema: public; Owner: postgres
--

CREATE INDEX django_session_expire_date_a5c62663 ON public.django_session USING btree (expire_date);


--
-- Name: django_session_session_key_c0390e0f_like; Type: INDEX; Schema: public; Owner: postgres
--

CREATE INDEX django_session_session_key_c0390e0f_like ON public.django_session USING btree (session_key varchar_pattern_ops);


--
-- Name: django_site_domain_a2e37b91_like; Type: INDEX; Schema: public; Owner: postgres
--

CREATE INDEX django_site_domain_a2e37b91_like ON public.django_site USING btree (domain varchar_pattern_ops);


--
-- Name: proyectos_miembro_proyecto_id_c51508b2; Type: INDEX; Schema: public; Owner: postgres
--

CREATE INDEX proyectos_miembro_proyecto_id_c51508b2 ON public.proyectos_miembro USING btree (proyecto_id);


--
-- Name: proyectos_miembro_rol_miembro_id_83e079d1; Type: INDEX; Schema: public; Owner: postgres
--

CREATE INDEX proyectos_miembro_rol_miembro_id_83e079d1 ON public.proyectos_miembro_rol USING btree (miembro_id);


--
-- Name: proyectos_miembro_rol_rol_id_48c2fbee; Type: INDEX; Schema: public; Owner: postgres
--

CREATE INDEX proyectos_miembro_rol_rol_id_48c2fbee ON public.proyectos_miembro_rol USING btree (rol_id);


--
-- Name: proyectos_miembro_userstory_miembro_id_c0e83d19; Type: INDEX; Schema: public; Owner: postgres
--

CREATE INDEX proyectos_miembro_userstory_miembro_id_c0e83d19 ON public.proyectos_miembro_userstory USING btree (miembro_id);


--
-- Name: proyectos_miembro_userstory_userstory_id_cb38495c; Type: INDEX; Schema: public; Owner: postgres
--

CREATE INDEX proyectos_miembro_userstory_userstory_id_cb38495c ON public.proyectos_miembro_userstory USING btree (userstory_id);


--
-- Name: proyectos_miembro_usuario_id_915aa6e7; Type: INDEX; Schema: public; Owner: postgres
--

CREATE INDEX proyectos_miembro_usuario_id_915aa6e7 ON public.proyectos_miembro USING btree (usuario_id);


--
-- Name: roles_rol_name_bcf4959f_like; Type: INDEX; Schema: public; Owner: postgres
--

CREATE INDEX roles_rol_name_bcf4959f_like ON public.roles_rol USING btree (nombre varchar_pattern_ops);


--
-- Name: roles_rol_permission_permission_id_7f43f8cc; Type: INDEX; Schema: public; Owner: postgres
--

CREATE INDEX roles_rol_permission_permission_id_7f43f8cc ON public.roles_rol_permiso USING btree (permiso_id);


--
-- Name: roles_rol_permission_rol_id_5ce20013; Type: INDEX; Schema: public; Owner: postgres
--

CREATE INDEX roles_rol_permission_rol_id_5ce20013 ON public.roles_rol_permiso USING btree (rol_id);


--
-- Name: roles_rol_proyecto_id_9fd6e4c0; Type: INDEX; Schema: public; Owner: postgres
--

CREATE INDEX roles_rol_proyecto_id_9fd6e4c0 ON public.roles_rol USING btree (proyecto_id);


--
-- Name: socialaccount_socialaccount_user_id_8146e70c; Type: INDEX; Schema: public; Owner: postgres
--

CREATE INDEX socialaccount_socialaccount_user_id_8146e70c ON public.socialaccount_socialaccount USING btree (user_id);


--
-- Name: socialaccount_socialapp_sites_site_id_2579dee5; Type: INDEX; Schema: public; Owner: postgres
--

CREATE INDEX socialaccount_socialapp_sites_site_id_2579dee5 ON public.socialaccount_socialapp_sites USING btree (site_id);


--
-- Name: socialaccount_socialapp_sites_socialapp_id_97fb6e7d; Type: INDEX; Schema: public; Owner: postgres
--

CREATE INDEX socialaccount_socialapp_sites_socialapp_id_97fb6e7d ON public.socialaccount_socialapp_sites USING btree (socialapp_id);


--
-- Name: socialaccount_socialtoken_account_id_951f210e; Type: INDEX; Schema: public; Owner: postgres
--

CREATE INDEX socialaccount_socialtoken_account_id_951f210e ON public.socialaccount_socialtoken USING btree (account_id);


--
-- Name: socialaccount_socialtoken_app_id_636a42d7; Type: INDEX; Schema: public; Owner: postgres
--

CREATE INDEX socialaccount_socialtoken_app_id_636a42d7 ON public.socialaccount_socialtoken USING btree (app_id);


--
-- Name: sprints_desarrollador_miembro_id_399efe65; Type: INDEX; Schema: public; Owner: postgres
--

CREATE INDEX sprints_desarrollador_miembro_id_399efe65 ON public.sprints_desarrollador USING btree (miembro_id);


--
-- Name: sprints_desarrollador_sprint_id_ecd8a720; Type: INDEX; Schema: public; Owner: postgres
--

CREATE INDEX sprints_desarrollador_sprint_id_ecd8a720 ON public.sprints_desarrollador USING btree (sprint_id);


--
-- Name: sprints_desarrollador_userstory_desarrollador_id_f986be58; Type: INDEX; Schema: public; Owner: postgres
--

CREATE INDEX sprints_desarrollador_userstory_desarrollador_id_f986be58 ON public.sprints_desarrollador_userstory USING btree (desarrollador_id);


--
-- Name: sprints_desarrollador_userstory_userstory_id_a43170d1; Type: INDEX; Schema: public; Owner: postgres
--

CREATE INDEX sprints_desarrollador_userstory_userstory_id_a43170d1 ON public.sprints_desarrollador_userstory USING btree (userstory_id);


--
-- Name: sprints_sprint_proyecto_id_8c765e04; Type: INDEX; Schema: public; Owner: postgres
--

CREATE INDEX sprints_sprint_proyecto_id_8c765e04 ON public.sprints_sprint USING btree (proyecto_id);


--
-- Name: tipo_us_miembrotipous_proyecto_id_6e1d98da; Type: INDEX; Schema: public; Owner: postgres
--

CREATE INDEX tipo_us_miembrotipous_proyecto_id_6e1d98da ON public.tipo_us_miembrotipous USING btree (proyecto_id);


--
-- Name: tipo_us_miembrotipous_tipo_us_id_c0903e61; Type: INDEX; Schema: public; Owner: postgres
--

CREATE INDEX tipo_us_miembrotipous_tipo_us_id_c0903e61 ON public.tipo_us_miembrotipous USING btree (tipo_us_id);


--
-- Name: userstory_nota_creador_id_b84cfa73; Type: INDEX; Schema: public; Owner: postgres
--

CREATE INDEX userstory_nota_creador_id_b84cfa73 ON public.userstory_nota USING btree (creador_id);


--
-- Name: userstory_nota_userstory_id_1a0e21c8; Type: INDEX; Schema: public; Owner: postgres
--

CREATE INDEX userstory_nota_userstory_id_1a0e21c8 ON public.userstory_nota USING btree (userstory_id);


--
-- Name: userstory_tarea_creador_id_c2e60207; Type: INDEX; Schema: public; Owner: postgres
--

CREATE INDEX userstory_tarea_creador_id_c2e60207 ON public.userstory_tarea USING btree (creador_id);


--
-- Name: userstory_tarea_userstory_id_9799209a; Type: INDEX; Schema: public; Owner: postgres
--

CREATE INDEX userstory_tarea_userstory_id_9799209a ON public.userstory_tarea USING btree (userstory_id);


--
-- Name: userstory_userstory_proyecto_id_81fe69a3; Type: INDEX; Schema: public; Owner: postgres
--

CREATE INDEX userstory_userstory_proyecto_id_81fe69a3 ON public.userstory_userstory USING btree (proyecto_id);


--
-- Name: userstory_userstory_sprint_id_2b178521; Type: INDEX; Schema: public; Owner: postgres
--

CREATE INDEX userstory_userstory_sprint_id_2b178521 ON public.userstory_userstory USING btree (sprint_id);


--
-- Name: userstory_userstory_tipo_us_id_e254c662; Type: INDEX; Schema: public; Owner: postgres
--

CREATE INDEX userstory_userstory_tipo_us_id_e254c662 ON public.userstory_userstory USING btree (tipo_us_id);


--
-- Name: usuarios_usuario_rol_rol_id_b1c3b98c; Type: INDEX; Schema: public; Owner: postgres
--

CREATE INDEX usuarios_usuario_rol_rol_id_b1c3b98c ON public.usuarios_usuario_rol USING btree (rol_id);


--
-- Name: usuarios_usuario_rol_usuario_id_8687ffa8; Type: INDEX; Schema: public; Owner: postgres
--

CREATE INDEX usuarios_usuario_rol_usuario_id_8687ffa8 ON public.usuarios_usuario_rol USING btree (usuario_id);


--
-- Name: account_emailaddress account_emailaddress_user_id_2c513194_fk_auth_user_id; Type: FK CONSTRAINT; Schema: public; Owner: postgres
--

ALTER TABLE ONLY public.account_emailaddress
    ADD CONSTRAINT account_emailaddress_user_id_2c513194_fk_auth_user_id FOREIGN KEY (user_id) REFERENCES public.auth_user(id) DEFERRABLE INITIALLY DEFERRED;


--
-- Name: account_emailconfirmation account_emailconfirm_email_address_id_5b7f8c58_fk_account_e; Type: FK CONSTRAINT; Schema: public; Owner: postgres
--

ALTER TABLE ONLY public.account_emailconfirmation
    ADD CONSTRAINT account_emailconfirm_email_address_id_5b7f8c58_fk_account_e FOREIGN KEY (email_address_id) REFERENCES public.account_emailaddress(id) DEFERRABLE INITIALLY DEFERRED;


--
-- Name: auth_group_permissions auth_group_permissio_permission_id_84c5c92e_fk_auth_perm; Type: FK CONSTRAINT; Schema: public; Owner: postgres
--

ALTER TABLE ONLY public.auth_group_permissions
    ADD CONSTRAINT auth_group_permissio_permission_id_84c5c92e_fk_auth_perm FOREIGN KEY (permission_id) REFERENCES public.auth_permission(id) DEFERRABLE INITIALLY DEFERRED;


--
-- Name: auth_group_permissions auth_group_permissions_group_id_b120cbf9_fk_auth_group_id; Type: FK CONSTRAINT; Schema: public; Owner: postgres
--

ALTER TABLE ONLY public.auth_group_permissions
    ADD CONSTRAINT auth_group_permissions_group_id_b120cbf9_fk_auth_group_id FOREIGN KEY (group_id) REFERENCES public.auth_group(id) DEFERRABLE INITIALLY DEFERRED;


--
-- Name: auth_permission auth_permission_content_type_id_2f476e4b_fk_django_co; Type: FK CONSTRAINT; Schema: public; Owner: postgres
--

ALTER TABLE ONLY public.auth_permission
    ADD CONSTRAINT auth_permission_content_type_id_2f476e4b_fk_django_co FOREIGN KEY (content_type_id) REFERENCES public.django_content_type(id) DEFERRABLE INITIALLY DEFERRED;


--
-- Name: auth_user_groups auth_user_groups_group_id_97559544_fk_auth_group_id; Type: FK CONSTRAINT; Schema: public; Owner: postgres
--

ALTER TABLE ONLY public.auth_user_groups
    ADD CONSTRAINT auth_user_groups_group_id_97559544_fk_auth_group_id FOREIGN KEY (group_id) REFERENCES public.auth_group(id) DEFERRABLE INITIALLY DEFERRED;


--
-- Name: auth_user_groups auth_user_groups_user_id_6a12ed8b_fk_auth_user_id; Type: FK CONSTRAINT; Schema: public; Owner: postgres
--

ALTER TABLE ONLY public.auth_user_groups
    ADD CONSTRAINT auth_user_groups_user_id_6a12ed8b_fk_auth_user_id FOREIGN KEY (user_id) REFERENCES public.auth_user(id) DEFERRABLE INITIALLY DEFERRED;


--
-- Name: auth_user_user_permissions auth_user_user_permi_permission_id_1fbb5f2c_fk_auth_perm; Type: FK CONSTRAINT; Schema: public; Owner: postgres
--

ALTER TABLE ONLY public.auth_user_user_permissions
    ADD CONSTRAINT auth_user_user_permi_permission_id_1fbb5f2c_fk_auth_perm FOREIGN KEY (permission_id) REFERENCES public.auth_permission(id) DEFERRABLE INITIALLY DEFERRED;


--
-- Name: auth_user_user_permissions auth_user_user_permissions_user_id_a95ead1b_fk_auth_user_id; Type: FK CONSTRAINT; Schema: public; Owner: postgres
--

ALTER TABLE ONLY public.auth_user_user_permissions
    ADD CONSTRAINT auth_user_user_permissions_user_id_a95ead1b_fk_auth_user_id FOREIGN KEY (user_id) REFERENCES public.auth_user(id) DEFERRABLE INITIALLY DEFERRED;


--
-- Name: django_admin_log django_admin_log_content_type_id_c4bce8eb_fk_django_co; Type: FK CONSTRAINT; Schema: public; Owner: postgres
--

ALTER TABLE ONLY public.django_admin_log
    ADD CONSTRAINT django_admin_log_content_type_id_c4bce8eb_fk_django_co FOREIGN KEY (content_type_id) REFERENCES public.django_content_type(id) DEFERRABLE INITIALLY DEFERRED;


--
-- Name: django_admin_log django_admin_log_user_id_c564eba6_fk_auth_user_id; Type: FK CONSTRAINT; Schema: public; Owner: postgres
--

ALTER TABLE ONLY public.django_admin_log
    ADD CONSTRAINT django_admin_log_user_id_c564eba6_fk_auth_user_id FOREIGN KEY (user_id) REFERENCES public.auth_user(id) DEFERRABLE INITIALLY DEFERRED;


--
-- Name: proyectos_miembro proyectos_miembro_proyecto_id_c51508b2_fk_proyectos_proyecto_id; Type: FK CONSTRAINT; Schema: public; Owner: postgres
--

ALTER TABLE ONLY public.proyectos_miembro
    ADD CONSTRAINT proyectos_miembro_proyecto_id_c51508b2_fk_proyectos_proyecto_id FOREIGN KEY (proyecto_id) REFERENCES public.proyectos_proyecto(id) DEFERRABLE INITIALLY DEFERRED;


--
-- Name: proyectos_miembro_rol proyectos_miembro_ro_miembro_id_83e079d1_fk_proyectos; Type: FK CONSTRAINT; Schema: public; Owner: postgres
--

ALTER TABLE ONLY public.proyectos_miembro_rol
    ADD CONSTRAINT proyectos_miembro_ro_miembro_id_83e079d1_fk_proyectos FOREIGN KEY (miembro_id) REFERENCES public.proyectos_miembro(id) DEFERRABLE INITIALLY DEFERRED;


--
-- Name: proyectos_miembro_rol proyectos_miembro_rol_rol_id_48c2fbee_fk_roles_rol_id; Type: FK CONSTRAINT; Schema: public; Owner: postgres
--

ALTER TABLE ONLY public.proyectos_miembro_rol
    ADD CONSTRAINT proyectos_miembro_rol_rol_id_48c2fbee_fk_roles_rol_id FOREIGN KEY (rol_id) REFERENCES public.roles_rol(id) DEFERRABLE INITIALLY DEFERRED;


--
-- Name: proyectos_miembro_userstory proyectos_miembro_us_miembro_id_c0e83d19_fk_proyectos; Type: FK CONSTRAINT; Schema: public; Owner: postgres
--

ALTER TABLE ONLY public.proyectos_miembro_userstory
    ADD CONSTRAINT proyectos_miembro_us_miembro_id_c0e83d19_fk_proyectos FOREIGN KEY (miembro_id) REFERENCES public.proyectos_miembro(id) DEFERRABLE INITIALLY DEFERRED;


--
-- Name: proyectos_miembro_userstory proyectos_miembro_us_userstory_id_cb38495c_fk_userstory; Type: FK CONSTRAINT; Schema: public; Owner: postgres
--

ALTER TABLE ONLY public.proyectos_miembro_userstory
    ADD CONSTRAINT proyectos_miembro_us_userstory_id_cb38495c_fk_userstory FOREIGN KEY (userstory_id) REFERENCES public.userstory_userstory(id) DEFERRABLE INITIALLY DEFERRED;


--
-- Name: proyectos_miembro proyectos_miembro_usuario_id_915aa6e7_fk_usuarios_; Type: FK CONSTRAINT; Schema: public; Owner: postgres
--

ALTER TABLE ONLY public.proyectos_miembro
    ADD CONSTRAINT proyectos_miembro_usuario_id_915aa6e7_fk_usuarios_ FOREIGN KEY (usuario_id) REFERENCES public.usuarios_usuario(user_id) DEFERRABLE INITIALLY DEFERRED;


--
-- Name: roles_rol_permiso roles_rol_permission_rol_id_5ce20013_fk_roles_rol_id; Type: FK CONSTRAINT; Schema: public; Owner: postgres
--

ALTER TABLE ONLY public.roles_rol_permiso
    ADD CONSTRAINT roles_rol_permission_rol_id_5ce20013_fk_roles_rol_id FOREIGN KEY (rol_id) REFERENCES public.roles_rol(id) DEFERRABLE INITIALLY DEFERRED;


--
-- Name: roles_rol roles_rol_proyecto_id_9fd6e4c0_fk_proyectos_proyecto_id; Type: FK CONSTRAINT; Schema: public; Owner: postgres
--

ALTER TABLE ONLY public.roles_rol
    ADD CONSTRAINT roles_rol_proyecto_id_9fd6e4c0_fk_proyectos_proyecto_id FOREIGN KEY (proyecto_id) REFERENCES public.proyectos_proyecto(id) DEFERRABLE INITIALLY DEFERRED;


--
-- Name: roles_rol_permiso roles_role_permission_permiso_id_508841d7_fk_roles_permiso_id; Type: FK CONSTRAINT; Schema: public; Owner: postgres
--

ALTER TABLE ONLY public.roles_rol_permiso
    ADD CONSTRAINT roles_role_permission_permiso_id_508841d7_fk_roles_permiso_id FOREIGN KEY (permiso_id) REFERENCES public.roles_permiso(id) DEFERRABLE INITIALLY DEFERRED;


--
-- Name: socialaccount_socialtoken socialaccount_social_account_id_951f210e_fk_socialacc; Type: FK CONSTRAINT; Schema: public; Owner: postgres
--

ALTER TABLE ONLY public.socialaccount_socialtoken
    ADD CONSTRAINT socialaccount_social_account_id_951f210e_fk_socialacc FOREIGN KEY (account_id) REFERENCES public.socialaccount_socialaccount(id) DEFERRABLE INITIALLY DEFERRED;


--
-- Name: socialaccount_socialtoken socialaccount_social_app_id_636a42d7_fk_socialacc; Type: FK CONSTRAINT; Schema: public; Owner: postgres
--

ALTER TABLE ONLY public.socialaccount_socialtoken
    ADD CONSTRAINT socialaccount_social_app_id_636a42d7_fk_socialacc FOREIGN KEY (app_id) REFERENCES public.socialaccount_socialapp(id) DEFERRABLE INITIALLY DEFERRED;


--
-- Name: socialaccount_socialapp_sites socialaccount_social_site_id_2579dee5_fk_django_si; Type: FK CONSTRAINT; Schema: public; Owner: postgres
--

ALTER TABLE ONLY public.socialaccount_socialapp_sites
    ADD CONSTRAINT socialaccount_social_site_id_2579dee5_fk_django_si FOREIGN KEY (site_id) REFERENCES public.django_site(id) DEFERRABLE INITIALLY DEFERRED;


--
-- Name: socialaccount_socialapp_sites socialaccount_social_socialapp_id_97fb6e7d_fk_socialacc; Type: FK CONSTRAINT; Schema: public; Owner: postgres
--

ALTER TABLE ONLY public.socialaccount_socialapp_sites
    ADD CONSTRAINT socialaccount_social_socialapp_id_97fb6e7d_fk_socialacc FOREIGN KEY (socialapp_id) REFERENCES public.socialaccount_socialapp(id) DEFERRABLE INITIALLY DEFERRED;


--
-- Name: socialaccount_socialaccount socialaccount_socialaccount_user_id_8146e70c_fk_auth_user_id; Type: FK CONSTRAINT; Schema: public; Owner: postgres
--

ALTER TABLE ONLY public.socialaccount_socialaccount
    ADD CONSTRAINT socialaccount_socialaccount_user_id_8146e70c_fk_auth_user_id FOREIGN KEY (user_id) REFERENCES public.auth_user(id) DEFERRABLE INITIALLY DEFERRED;


--
-- Name: sprints_desarrollador_userstory sprints_desarrollado_desarrollador_id_f986be58_fk_sprints_d; Type: FK CONSTRAINT; Schema: public; Owner: postgres
--

ALTER TABLE ONLY public.sprints_desarrollador_userstory
    ADD CONSTRAINT sprints_desarrollado_desarrollador_id_f986be58_fk_sprints_d FOREIGN KEY (desarrollador_id) REFERENCES public.sprints_desarrollador(id) DEFERRABLE INITIALLY DEFERRED;


--
-- Name: sprints_desarrollador sprints_desarrollado_miembro_id_399efe65_fk_proyectos; Type: FK CONSTRAINT; Schema: public; Owner: postgres
--

ALTER TABLE ONLY public.sprints_desarrollador
    ADD CONSTRAINT sprints_desarrollado_miembro_id_399efe65_fk_proyectos FOREIGN KEY (miembro_id) REFERENCES public.proyectos_miembro(id) DEFERRABLE INITIALLY DEFERRED;


--
-- Name: sprints_desarrollador_userstory sprints_desarrollado_userstory_id_a43170d1_fk_userstory; Type: FK CONSTRAINT; Schema: public; Owner: postgres
--

ALTER TABLE ONLY public.sprints_desarrollador_userstory
    ADD CONSTRAINT sprints_desarrollado_userstory_id_a43170d1_fk_userstory FOREIGN KEY (userstory_id) REFERENCES public.userstory_userstory(id) DEFERRABLE INITIALLY DEFERRED;


--
-- Name: sprints_desarrollador sprints_desarrollador_sprint_id_ecd8a720_fk_sprints_sprint_id; Type: FK CONSTRAINT; Schema: public; Owner: postgres
--

ALTER TABLE ONLY public.sprints_desarrollador
    ADD CONSTRAINT sprints_desarrollador_sprint_id_ecd8a720_fk_sprints_sprint_id FOREIGN KEY (sprint_id) REFERENCES public.sprints_sprint(id) DEFERRABLE INITIALLY DEFERRED;


--
-- Name: sprints_sprint sprints_sprint_proyecto_id_8c765e04_fk_proyectos_proyecto_id; Type: FK CONSTRAINT; Schema: public; Owner: postgres
--

ALTER TABLE ONLY public.sprints_sprint
    ADD CONSTRAINT sprints_sprint_proyecto_id_8c765e04_fk_proyectos_proyecto_id FOREIGN KEY (proyecto_id) REFERENCES public.proyectos_proyecto(id) DEFERRABLE INITIALLY DEFERRED;


--
-- Name: tableros_tablero tableros_tablero_tipo_us_id_9c1065fa_fk_tipo_us_m; Type: FK CONSTRAINT; Schema: public; Owner: postgres
--

ALTER TABLE ONLY public.tableros_tablero
    ADD CONSTRAINT tableros_tablero_tipo_us_id_9c1065fa_fk_tipo_us_m FOREIGN KEY (tipo_us_id) REFERENCES public.tipo_us_miembrotipous(id) DEFERRABLE INITIALLY DEFERRED;


--
-- Name: tipo_us_miembrotipous tipo_us_miembrotipou_proyecto_id_6e1d98da_fk_proyectos; Type: FK CONSTRAINT; Schema: public; Owner: postgres
--

ALTER TABLE ONLY public.tipo_us_miembrotipous
    ADD CONSTRAINT tipo_us_miembrotipou_proyecto_id_6e1d98da_fk_proyectos FOREIGN KEY (proyecto_id) REFERENCES public.proyectos_proyecto(id) DEFERRABLE INITIALLY DEFERRED;


--
-- Name: tipo_us_miembrotipous tipo_us_miembrotipous_tipo_us_id_c0903e61_fk_tipo_us_tipo_us_id; Type: FK CONSTRAINT; Schema: public; Owner: postgres
--

ALTER TABLE ONLY public.tipo_us_miembrotipous
    ADD CONSTRAINT tipo_us_miembrotipous_tipo_us_id_c0903e61_fk_tipo_us_tipo_us_id FOREIGN KEY (tipo_us_id) REFERENCES public.tipo_us_tipo_us(id) DEFERRABLE INITIALLY DEFERRED;


--
-- Name: userstory_nota userstory_nota_creador_id_b84cfa73_fk_proyectos_miembro_id; Type: FK CONSTRAINT; Schema: public; Owner: postgres
--

ALTER TABLE ONLY public.userstory_nota
    ADD CONSTRAINT userstory_nota_creador_id_b84cfa73_fk_proyectos_miembro_id FOREIGN KEY (creador_id) REFERENCES public.proyectos_miembro(id) DEFERRABLE INITIALLY DEFERRED;


--
-- Name: userstory_nota userstory_nota_userstory_id_1a0e21c8_fk_userstory_userstory_id; Type: FK CONSTRAINT; Schema: public; Owner: postgres
--

ALTER TABLE ONLY public.userstory_nota
    ADD CONSTRAINT userstory_nota_userstory_id_1a0e21c8_fk_userstory_userstory_id FOREIGN KEY (userstory_id) REFERENCES public.userstory_userstory(id) DEFERRABLE INITIALLY DEFERRED;


--
-- Name: userstory_tarea userstory_tarea_creador_id_c2e60207_fk_proyectos_miembro_id; Type: FK CONSTRAINT; Schema: public; Owner: postgres
--

ALTER TABLE ONLY public.userstory_tarea
    ADD CONSTRAINT userstory_tarea_creador_id_c2e60207_fk_proyectos_miembro_id FOREIGN KEY (creador_id) REFERENCES public.proyectos_miembro(id) DEFERRABLE INITIALLY DEFERRED;


--
-- Name: userstory_tarea userstory_tarea_userstory_id_9799209a_fk_userstory_userstory_id; Type: FK CONSTRAINT; Schema: public; Owner: postgres
--

ALTER TABLE ONLY public.userstory_tarea
    ADD CONSTRAINT userstory_tarea_userstory_id_9799209a_fk_userstory_userstory_id FOREIGN KEY (userstory_id) REFERENCES public.userstory_userstory(id) DEFERRABLE INITIALLY DEFERRED;


--
-- Name: userstory_userstory userstory_userstory_proyecto_id_81fe69a3_fk_proyectos; Type: FK CONSTRAINT; Schema: public; Owner: postgres
--

ALTER TABLE ONLY public.userstory_userstory
    ADD CONSTRAINT userstory_userstory_proyecto_id_81fe69a3_fk_proyectos FOREIGN KEY (proyecto_id) REFERENCES public.proyectos_proyecto(id) DEFERRABLE INITIALLY DEFERRED;


--
-- Name: userstory_userstory userstory_userstory_sprint_id_2b178521_fk_sprints_sprint_id; Type: FK CONSTRAINT; Schema: public; Owner: postgres
--

ALTER TABLE ONLY public.userstory_userstory
    ADD CONSTRAINT userstory_userstory_sprint_id_2b178521_fk_sprints_sprint_id FOREIGN KEY (sprint_id) REFERENCES public.sprints_sprint(id) DEFERRABLE INITIALLY DEFERRED;


--
-- Name: userstory_userstory userstory_userstory_tipo_us_id_e254c662_fk_tipo_us_m; Type: FK CONSTRAINT; Schema: public; Owner: postgres
--

ALTER TABLE ONLY public.userstory_userstory
    ADD CONSTRAINT userstory_userstory_tipo_us_id_e254c662_fk_tipo_us_m FOREIGN KEY (tipo_us_id) REFERENCES public.tipo_us_miembrotipous(id) DEFERRABLE INITIALLY DEFERRED;


--
-- Name: usuarios_usuario_rol usuarios_usuario_rol_rol_id_b1c3b98c_fk_roles_rol_id; Type: FK CONSTRAINT; Schema: public; Owner: postgres
--

ALTER TABLE ONLY public.usuarios_usuario_rol
    ADD CONSTRAINT usuarios_usuario_rol_rol_id_b1c3b98c_fk_roles_rol_id FOREIGN KEY (rol_id) REFERENCES public.roles_rol(id) DEFERRABLE INITIALLY DEFERRED;


--
-- Name: usuarios_usuario usuarios_usuario_user_id_27bf56db_fk_auth_user_id; Type: FK CONSTRAINT; Schema: public; Owner: postgres
--

ALTER TABLE ONLY public.usuarios_usuario
    ADD CONSTRAINT usuarios_usuario_user_id_27bf56db_fk_auth_user_id FOREIGN KEY (user_id) REFERENCES public.auth_user(id) DEFERRABLE INITIALLY DEFERRED;


--
-- PostgreSQL database dump complete
--

